,DestRaw,Dest
0,NEW YORK,NEW YORK
1,NEW-ORLEANS-LA,"NEWORLEANS, LA"
2,NEW-ORLEANS,"NEW ORLEANS, LA"
3,USA,USA
4,PHILADELPHIA,"PHILADELPHIA, PA"
5,BOSTON,"BOSTON, MA"
6,CHICAGO,"CHICAGO, IL"
7,KANSAS,KANSAS
8,NEW ORLEANS,"NEW ORLEANS, LA"
9,TEXAS,TEXAS
10,SAN FRANCISCO,"SAN FRANCISCO, CA"
11,BUFFALO,"BUFFALO, NY"
12,ALABAMA,ALABAMA
13,NEW YROK,NEW YORK
14,SAN LOUIS,SAN LOUIS
15,LOUISIANA,LOUISIANA
16,PITTSBURG PA,"PITTSBURG, PA"
17,BUFFALO NY,"BUFFALO, NY"
18,CHICAGO IL,"CHICAGO, IL"
19,WESTERLEY RI,"WESTERLEY, RI"
20,BROOKLYN,"BROOKLYN, NY"
21,HOUSTON-TX,"HOUSTON, TX"
22,ELEONORE-PA,"ELEONORE, PA"
23,BROOKLYN NY,"BROOKLYN, NY"
24,MINNEAPOLIS,"MINNEAPOLIS, MN"
25,BOSTON-MA,"BOSTON, MA"
26,PITTSBURG,"PITTSBURG, PA"
27,ALTONA,ALTONA
28,ROCHESTER,"ROCHESTER, NY"
29,ROCHESTER-NY,"ROCHESTER, NY"
30,NORRISTOWN,NORRISTOWN
31,NEW ORLEANS LA,"NEW ORLEANS, LA"
32,SAVANNAH GA.,"SAVANNAH, GA"
33,BUFALO,"BUFFALO, NY"
34,SERANTON PA,"SERANTON, PA"
35,NEW-YORK,NEW YORK
36,DELANCY-PA,"DELANCY, PA"
37,SAINT LOUIS MO,"SAINT LOUIS, MO"
38,ST LOUIS MA,ST LOUIS MA
39,MT,MT
40,BUFFALO-NY,"BUFFALO, NY"
41,ROCKLAND,ROCKLAND
42,BRYAN-TX,"BRYAN, TX"
43,BOSTON MA,"BOSTON, MA"
44,BALTIMORE,"BALTIMORE, MD"
45,BRIAN-TX,"BRIAN, TX"
46,N.ORLEANS,"NEW ORLEANS, LA"
47,PHILADELPHIA PA,"PHILADELPHIA, PA"
48,KANSAS CITY KS,"KANSAS CITY, KS"
49,PROVIDENCE RI,"PROVIDENCE, RI"
50,CAN,CANADA
51,ST. LOUIS MO.,"ST. LOUIS, MO"
52,CALIFORNIA,CALIFORNIA
53,NEW ARK NJ,"NEW ARK, NJ"
54,AUSINIA,AUSINIA
55,NEWHAVEN,"NEW HAVEN, CT"
56,SAN-FRANCISCO,"SAN FRANCISCO, CA"
57,PROVIDENCE,"PROVIDENCE, RI"
58,TRINIDAD CO,"TRINIDAD, CO"
59,ELEONOR-PA,"ELEONOR, PA"
60,KOBOKEN,KOBOKEN
61,PASSAIC NJ,"PASSAIC, NJ"
62,PHILADELPHIA-PA,"PHILADELPHIA, PA"
63,MIDDLETOWN,MIDDLETOWN
64,PA,PA
65,PHILA,"PHILADELPHIA, PA"
66,LAKE CHARLES LA,"LAKE CHARLES, LA"
67,DUNKIRK NJ,"DUNKIRK, NJ"
68,SYRACUSE,"SYRACUSE, NY"
69,SYRACUSO NY,"SYRACUSE, NY"
70,BRYAN TX,"BRYAN, TX"
71,CHICAGO-IL,"CHICAGO, IL"
72,COLORADO,COLORADO
73,ANSONIA-CT,"ANSONIA, CT"
74,SCRANTON PA,"SCRANTON, PA"
75,DETROIT MI,"DETROIT, MI"
76,PROVVIDENCE,"PROVIDENCE, RI"
77,NEW YORKLEROY-NY,"NEW YORKLEROY, NY"
78,DELANGE,DELANGE
79,IRON-MOUNTAIN,IRON-MOUNTAIN
80,MAFIELD,MAFIELD
81,PENNSYLVANIA,PENNSYLVANIA
82,LAURENCE MA,"LAURENCE, MA"
83,FL,FL
84,TRINIDAD-CO,"TRINIDAD, CO"
85,NEWARK NJ,"NEWARK, NJ"
86,SYRACUSE NY,"SYRACUSE, NY"
87,PHILADELPHIA PA.,"PHILADELPHIA, PA"
88,JERSEY CITY,"JERSEY CITY, NJ"
89,S.LOUIS,"ST. LOUIS, MO"
90,ROCK GLEN WY,"ROCK GLEN, WY"
91,ST.LOUIS,"ST. LOUIS, MO"
92,NEW-HAVEN,"NEW HAVEN, CT"
93,ERIE,ERIE
94,SIRACUSA NY,"SYRACUSE, NY"
95,JEFFERSON,JEFFERSON
96,"BROOKLYN, NY","BROOKLYN, NY"
97,MIDDLETOWN-CT,"MIDDLETOWN, CT"
98,HARTFORD CT,"HARTFORD, CT"
99,SAN FRANCISCO CA,"SAN FRANCISCO, CA"
100,HOBOKEN NJ,"HOBOKEN, NJ"
101,OREGON,OREGON
102,W.HOBOKEN NJ,"W. HOBOKEN, NJ"
103,BROOKLYN-NY,"BROOKLYN, NY"
104,LEROY,LEROY
105,BALTIMORE MD,"BALTIMORE, MD"
106,CHARLESTON,"CHARLESTON, SC"
107,PLYMONTH MA,"PLYMONTH, MA"
108,NW YORK,NEW YORK
109,NORRISTOWN PA,"NORRISTOWN, PA"
110,LONDON,LONDON
111,ATLANTIC CITY NJ,"ATLANTIC CITY, NJ"
112,SIRACUSA,SIRACUSA
113,ALBANY-NY,"ALBANY, NY"
114,JOHNSTOWN,JOHNSTOWN
115,TACOMA WA,"TACOMA, WA"
116,NEW BRITAIN CT,"NEW BRITAIN, CT"
117,PATTERSON,PATTERSON
118,OH,OH
119,CORNIGAN,CORNIGAN
120,BEGGIO,BEGGIO
121,READING,READING
122,"MIDDLETON, CT","MIDDLETON, CT"
123,OHIO,OHIO
124,KANSAS CITY,KANSAS CITY
125,NEW-JERSEY,NEW JERSEY
126,DENVER COL.,"DENVER, CO"
127,N.ORLEANS-LA,"NEW ORLEANS, LA"
128,"BALTIMORE, MD","BALTIMORE, MD"
129,RICHMOND,RICHMOND
130,LOUISVILLE,"LOUISVILLE, KY"
131,ELISABETH NJ,"ELISABETH, NJ"
132,ELIZABETH,ELIZABETH
133,DETROIT,"DETROIT, MI"
134,KANSAS-CITY,KANSAS CITY
135,AMSTERDAM,AMSTERDAM
136,NEWARK,NEWARK
137,SAN-FRANCISCO-CA,"SAN FRANCISCO, CA"
138,S FRANCISCO CAL,"SAN FRANCISCO, CA"
139,BRIAN TEXAS,"BRIAN, TEXAS"
140,JOUNGSTOWN-PA,"JOUNGSTOWN, PA"
141,CLEARFIELD CT,"CLEARFIELD, CT"
142,FLORIDA,FLORIDA
143,ROCHESTER NY,"ROCHESTER, NY"
144,PITSBURGH,"PITSBURGH, PA"
145,MURPHYSBORO IL,"MURPHYSBORO, IL"
146,PITTSBURGH,"PITTSBURGH, PA"
147,PITTSTON,PITTSTON
148,WESTERLIN,WESTERLIN
149,LUVELLEW,LUVELLEW
150,HILLYLLE,HILLYLLE
151,PUEBLO CO,"PUEBLO, CO"
152,MIDDLETON CT,"MIDDLETON, CT"
153,NEW-HAVEN-CT,"NEW HAVEN, CT"
154,LASALLE-IL,"LASALLE, IL"
155,WALSTON PA,"WALSTON, PA"
156,S FRANCISCO CA,"SAN FRANCISCO, CA"
157,S.FRANCISCO CA,"SAN FRANCISCO, CA"
158,AVON,AVON
159,HAMMONTOWN,HAMMONTOWN
160,BALTIMORA,BALTIMORA
161,CINCINNATI,"CINCINNATI, OH"
162,MEMPHIS,"MEMPHIS, TN"
163,ADAM-PA,"ADAM, PA"
164,PORTAGE PA.,"PORTAGE, PA"
165,FRANCISCO,FRANCISCO
166,DUNDEE MI,"DUNDEE, MI"
167,TAMBA-FL,"TAMPA, FL"
168,ALTARILLA,ALTARILLA
169,NALSTON-PA,"NALSTON, PA"
170,ELIZABETH NJ,"ELIZABETH, NJ"
171,HAMMONTON,HAMMONTON
172,TELLURIDE,TELLURIDE
173,CLEVELAND,"CLEVELAND, OH"
174,LAMFORT,LAMFORT
175,SOLDIER-JEFFERSON,SOLDIER-JEFFERSON
176,WASHINGTON,WASHINGTON
177,HOBOKEN-NJ,"HOBOKEN, NJ"
178,TRENTON-PA,"TRENTON, PA"
179,MARYLAND,MARYLAND
180,TRENTON,TRENTON
181,FORT WORTH,"FORT WORTH, TX"
182,MONTREAL CAN,"MONTREAL, CANADA"
183,SYRACUSA,SYRACUSA
184,WY,WY
185,MI,MI
186,YOUNGSTOWN OH,"YOUNGSTOWN, OH"
187,PLYMOUTH MA,"PLYMOUTH, MA"
188,RANKIN PA,"RANKIN, PA"
189,NEW CASTLE PA,"NEW CASTLE, PA"
190,BROOCKLYN NY,"BROOKLYN, NY"
191,WILLIAMPORT PA,"WILLIAMPORT, PA"
192,PITTSBURGH-PA,"PITTSBURGH, PA"
193,HOBOKEN,"HOBOKEN, NJ"
194,GALLIPOLIS PA,"GALLIPOLIS, PA"
195,DELANO CA,"DELANO, CA"
196,TAMPA FL,"TAMPA, FL"
197,NICOSIA,NICOSIA
198,ILLINOIS,ILLINOIS
199,HILLSVILLE,HILLSVILLE
200,PLAQUEMINES,PLAQUEMINES
201,MONTANA,MONTANA
202,DELANGEY-PA,"DELANGEY, PA"
203,NOUSTANA,NOUSTANA
204,ELMIRA,"ELMIRA, NY"
205,IOHUNSTOWN,IOHUNSTOWN
206,ELMIRA-NY,"ELMIRA, NY"
207,DUMBAR,DUMBAR
208,NEW-LONDON,NEW LONDON
209,WESTERLY-RI,"WESTERLY, RI"
210,SAN JOSE - CA,"SAN JOSE, CA"
211,LOS ANGELES,"LOS ANGELES, CA"
212,S LOUIS MO,"ST. LOUIS, MO"
213,S.LOUIS MO,"ST. LOUIS, MO"
214,S LOUIS,"ST. LOUIS, MO"
215,ST LOUIS MO,"ST. LOUIS, MO"
216,NAUSTAN-DIED,NAUSTAN-DIED
217,PATERSON,PATERSON
218,NORRISTON PA,"NORRISTON, PA"
219,NORRISTOPWN-PA,"NORRISTON, PA"
220,NAUSTAN,NAUSTAN
221,WILMINGTON,WILMINGTON
222,GALVESTON,GALVESTON
223,NJ,NJ
224,BRIDGEPORT,"BRIDGEPORT, CT"
225,BRIDGEPORT CT,"BRIDGEPORT, CT"
226,MILWAUKEE,"MILWAUKEE, WI"
227,MILFORD MA,"MILFORD, MA"
228,NICORRI--,NICORRI--
229,CHARLEROI,CHARLEROI
230,HOUSTON,"HOUSTON, TX"
231,NEW YOK,NEW YORK
232,JOHNGSTON,JOHNGSTON
233,ATLANTA GA,"ATLANTA, GA"
234,0,0
235,MILFORD MAS,"MILFORD, MA"
236,GREENSBURG-PA,"GREENSBURG, PA"
237,WALSTON,WALSTON
238,PITTSBURG-PA,"PITTSBURG, PA"
239,MIAMISBURG-OH,"MIAMISBURG, OH"
240,JOHNSTON,JOHNSTON
241,YOUNGSTOWN,"YOUNGSTOWN, OH"
242,HILLSVILLE PA,"HILLSVILLE, PA"
243,LANDVILLE OHIO,"LANDVILLE, OH"
244,MASSACHUSETTS,MASSACHUSETTS
245,PATERSON PA,"PATERSON, PA"
246,WHITE PLAINS NY,"WHITE PLAINS, NY"
247,WALSTON PA.,"WALSTON, PA"
248,SAN JOSE CA,"SAN JOSE, CA"
249,WASINGTON DC,"WASINGTON, DC"
250,EMILTON-PA,"EMILTON, PA"
251,HARTFORD,"HARTFORD, CT"
252,ELIZABETH-NJ,"ELIZABETH, NJ"
253,DELANGER PA,"DELANGER, PA"
254,JOHNSTOWN PA,"JOHNSTOWN, PA"
255,JONGSTON,JONGSTON
256,SOLDIER-PA,"SOLDIER, PA"
257,DELAMER-PA,"DELAMER, PA"
258,SELSVILLE PA,"SELSVILLE, PA"
259,OSWEGO NY,"OSWEGO, NY"
260,CARLERON MAS,"CARLERON, MA"
261,FRISCO-CA,"FRISCO, CA"
262,PITTSBURGH PA.,"PITTSBURGH, PA"
263,TRINIDAD,TRINIDAD
264,MIDLETOWN,MIDLETOWN
265,HOMOSTEAD PA,"HOMOSTEAD, PA"
266,S.FRANCISCO,"SAN FRANCISCO, CA"
267,ALTONA PA,"ALTONA, PA"
268,DUNKIRK,DUNKIRK
269,NEWPORT,NEWPORT
270,WESTERLY,WESTERLY
271,WESTERLY RI,"WESTERLY, RI"
272,DENVER CO,"DENVER, CO"
273,VINELAND,VINELAND
274,HABOKEN NJ,"HABOKEN, NJ"
275,GENEVA-NY,"GENEVA, NY"
276,BRAN,BRAN
277,BAYON,BAYON
278,NEW YORK CITY,"NEW YORK, NY"
279,NEW-OLEANS,"NEW ORLEANS, LA"
280,WEST-HOBOKEN,"WEST HOBOKEN, NJ"
281,SAINT LOUIS MN,SAINT LOUIS MN
282,TOLUCA IL,"TOLUCA, IL"
283,JERSEY,JERSEY
284,MILWAKEE WI,"MILWAKEE, WI"
285,SYRACUSE-NY,"SYRACUSE, NY"
286,ALBANY,"ALBANY, NY"
287,DE LANG PA,"DE LANG, PA"
288,BOSCHIRE,BOSCHIRE
289,HARTFORT,HARTFORT
290,OBOCK,OBOCK
291,BOSTON MAS,"BOSTON, MA"
292,NEWPORT VA,"NEWPORT, VA"
293,PROVIDENCE PA,"PROVIDENCE, PA"
294,NEGAUNEE MI,"NEGAUNEE, MI"
295,PINXTENN,PINXTENN
296,S JOSE COL,S JOSE COL
297,MIDDLETON,MIDDLETON
298,UTICA NY,"UTICA, NY"
299,PUEBLO COL,"PUEBLO, CO"
300,JERSEY-NY,"JERSEY, NY"
301,SYRACUSA NY,"SYRACUSE, NY"
302,GLASSGOW NY,"GLASSGOW, NY"
303,NESQUEHANING PA,"NESQUEHANING, PA"
304,FREDONIA,FREDONIA
305,NEW LONDON,NEW LONDON
306,DASTON OH,"DASTON, OH"
307,NEW HARVEN CT,"NEW HARVEN, CT"
308,UTICA,UTICA
309,JOHNSTOWN-PA,"JOHNSTOWN, PA"
310,"SUSPENSION BRIDGE,NY","SUSPENSION BRIDGE, NY"
311,MCKEESPORT,MCKEESPORT
312,ST JOSE-CA,"SAN JOSE, CA"
313,ST.JOSE-CA,"SAN JOSE, CA"
314,NY,NY
315,WAYNESBURG,WAYNESBURG
316,CALDWEL NY,"CALDWEL, NY"
317,GENOA,GENOA
318,COSSATO,COSSATO
319,HAZELTON PA,"HAZELTON, PA"
320,ONDEMICO,ONDEMICO
321,UTTICA,UTTICA
322,ALLEGHENY,ALLEGHENY
323,TAMPA-FL,"TAMPA, FL"
324,NEW HAVEN,"NEW HAVEN, CT"
325,MORRISTOWN,MORRISTOWN
326,BROOKLN N,BROOKLN N
327,RALSTON NE,"RALSTON, NE"
328,SAGUANO,SAGUANO
329,CLEVELAND OH,"CLEVELAND, OH"
330,"BUFFALO, NY","BUFFALO, NY"
331,NORFOLK VA.,"NORFOLK, VA"
332,HESTER-PA,"HESTER, PA"
333,GALVESTON TX,"GALVESTON, TX"
334,LUZERNE PA,"LUZERNE, PA"
335,SOLDIER PA,"SOLDIER, PA"
336,MOUNT MORRIS IL,"MOUNT MORRIS, IL"
337,BRYON-TX,"BRYON, TX"
338,WHITNE PA,WHITNE PA
339,CHARLESTOWN,CHARLESTOWN
340,CONNECTICUT,CONNECTICUT
341,ARON-N,ARON-N
342,CHARLESON PA,"CHARLESON, PA"
343,NEW-YORTK,NEW YORK
344,SUSPENSION NY,"SUSPENSION, NY"
345,HARDFORT CT,"HARDFORT, CT"
346,PATERSON NJ,"PATERSON, NJ"
347,MURPHYSBORO ILL.,"MURPHYSBORO, IL"
348,NORRISTON,NORRISTON
349,NESQUEHONING PA,"NESQUEHONING, PA"
350,TRINIDAD CA.,"TRINIDAD, CA"
351,PUEBLO COL.,"PUEBLO, CO"
352,YONIGSTOWN OH,"YONIGSTOWN, OH"
353,BROKLYN,"BROOKLYN, NY"
354,"VILLERSVILLE,IL","VILLERSVILLE, IL"
355,CALIFORNIA CA,CALIFORNIA
356,SHARON-PA,"SHARON, PA"
357,ST LOUIS,"ST LOUIS, MO"
358,ELISABETH,ELISABETH
359,MOUNT VERNON NY,"MOUNT VERNON, NY"
360,CANADA,CANADA
361,MA,MA
362,NIAGARA-FALLS,NIAGARA FALLS
363,CONDERSPORT PA,"CONDERSPORT, PA"
364,OSWEGO-NY,"OSWEGO, NY"
365,NEW YORK-DIED,NEW YORK
366,LAWRENCE MA,"LAWRENCE, MA"
367,SAINT LOUIS MI,"SAINT LOUIS, MI"
368,MARIAN IL,"MARIAN, IL"
369,PORTLAND ME,"PORTLAND, ME"
370,LOUISVILLE K,"LOUISVILLE, KY"
371,MOUNT-VERNON,MOUNT VERNON
372,MADISON,MADISON
373,HAMONTON,HAMONTON
374,NEW ORNEANS LA,"NEW ORLEANS, LA"
375,NORRISTOWN-PA,"NORRISTOWN, PA"
376,CO,CO
377,WILLIAMSBURG-PA,"WILLIAMSBURG, PA"
378,NEW-ORLEANS-PA,"NEW ORLEANS, PA"
379,LYNN-MA,"LYNN, MA"
380,PORT ALLEGANY PA.,"PORT ALLEGANY, PA"
381,NIAGARA FALLS,NIAGARA FALLS
382,TROIA NY,"TROIA, NY"
383,KANSAS CITY MO,"KANSAS CITY, MO"
384,MURPHYSBORO,MURPHYSBORO
385,HAZLETON,HAZLETON
386,CA,CA
387,S.FRANCISCO-CA,"SAN FRANCISCO, CA"
388,SANFRANCISCO,"SAN FRANCISCO, CA"
389,W CLEVELAND PA,"W CLEVELAND, PA"
390,NE YORK,NEW YORK
391,MILWAUKEE WI,"MILWAUKEE, WI"
392,GERASCO,GERASCO
393,WINNIPEG CAN,"WINNIPEG, CAN"
394,BEAUMONT TX,"BEAUMONT, TX"
395,CAMDEN,"CAMDEN, NJ"
396,MC-KEESPORT PA,MC-KEESPORT PA
397,MONT MORIS NY,"MONT MORIS, NY"
398,PRINCE TOWN PA,"PRINCE TOWN, PA"
399,BENRID COL,BENRID COL
400,DETROIT-MI,"DETROIT, MI"
401,MONTREAL,MONTREAL
402,JOHUSTOWN,JOHUSTOWN
403,PATTERSON NJ.,"PATTERSON, NJ"
404,MASSANSON PA,"MASSANSON, PA"
405,ROME-NY,"ROME, NY"
406,COLORADO CO,COLORADO
407,JOHUNGSTON,JOHUNGSTON
408,SAINT LOUIS,"SAINT LOUIS, MO"
409,PHILADEPHIA PA,"PHILADEPHIA, PA"
410,WATERBURY,WATERBURY
411,MIDDLETOWN CT,"MIDDLETOWN, CT"
412,MONROE P,MONROE P
413,PORTLAND OR,"PORTLAND, OR"
414,S. FELE,S. FELE
415,AVON-NY,"AVON, NY"
416,NEW,NEW
417,BREYON-TX,"BREYON, TX"
418,BERVIND-CO,"BERVIND, CO"
419,LACKAWANNA PA,"LACKAWANNA, PA"
420,IL,IL
421,NEW-YORKL,NEW YORK
422,TRINIDAD COL,TRINIDAD COL
423,NEW HAVEN CT,"NEW HAVEN, CT"
424,FRESNO CA,"FRESNO, CA"
425,NE WYORK,NEW YORK
426,CLINTON VT.,"CLINTON, VT"
427,PINX--,PINX--
428,BROCOLY,BROCOLY
429,RALSTON,RALSTON
430,HARRISBURG,HARRISBURG
431,QUINCY-IL,"QUINCY, IL"
432,CHARLESTON-PA,"CHARLESTON, PA"
433,MILWAUKEE WI.,"MILWAUKEE, WI"
434,"PITTSBURG, PA","PITTSBURG, PA"
435,COLUMBIA-TX,"COLUMBIA, TX"
436,PLAQUENI,PLAQUENI
437,MONONGAHELA,MONONGAHELA
438,MONROEVILLE,MONROEVILLE
439,REC-PORT,REC-PORT
440,BUFFALO MD,"BUFFALO, MD"
441,TAMPA,"TAMPA, FL"
442,MALAGA N.M.,"MALAGA, NM"
443,MICHIGAN,MICHIGAN
444,S LOUIS MI,S LOUIS MI
445,ST. LOUIS,"ST. LOUIS, MO"
446,MIDDLETON CN,MIDDLETON CN
447,GINLENA,GINLENA
448,MOUNT VERNON,MOUNT VERNON
449,AVON NY,"AVON, NY"
450,LOWESVILLE OH,"LOWESVILLE, OH"
451,ALBANY NY,"ALBANY, NY"
452,BUFALO NJ,"BUFALO, NJ"
453,LAKEVILLE MA,"LAKEVILLE, MA"
454,HAKLETON PA,"HAKLETON, PA"
455,C------,C------
456,GREAT FALLS MT,"GREAT FALLS, MT"
457,WISCONSIN,WISCONSIN
458,WALSON,WALSON
459,LACHARLES,LACHARLES
460,NAPOLEONVILLE,NAPOLEONVILLE
461,RICHESTER,RICHESTER
462,LANDENGSVILLE,LANDENGSVILLE
463,MONANGAHELA-CITY,MONANGAHELA CITY
464,CACSAS-C,CACSAS-C
465,SAN-JOSEPH-CA,"SAN JOSEPH, CA"
466,ONTARIO,ONTARIO
467,GUTTENBERG NJ,"GUTTENBERG, NJ"
468,COUZVILLI,COUZVILLI
469,WILLIAMSPORT-PA,"WILLIAMSPORT, PA"
470,ASTORIA,ASTORIA
471,ASTOTIA-RI,"ASTOTIA, RI"
472,ONTARIO-CANADA,"ONTARIO, CANADA"
473,MARYLND,MARYLND
474,GALVESTON-MA,"GALVESTON, MA"
475,ELISABETH-NY,"ELISABETH, NY"
476,ORANGE,ORANGE
477,GREENSBURG,GREENSBURG
478,JOHUNSTOWN-PA,"JOHUNSTOWN, PA"
479,MINIASBURG-OH,"MINIASBURG, OH"
480,GENESCO,GENESCO
481,BRYANT-TX,"BRYANT, TX"
482,TORONTO,TORONTO
483,JOUDSTON,JOUDSTON
484,OTTAWA,OTTAWA
485,BRAYON-TX,"BRAYON, TX"
486,NEW-JERSEY-MA,"NEW JERSEY, MA"
487,MONTECLAIR,MONTECLAIR
488,NAPOLEONVILLA,NAPOLEONVILLA
489,DAYTON-OH,"DAYTON, OH"
490,FORESVILLE,FORESVILLE
491,JOHUNSTOWN,JOHUNSTOWN
492,PENSACOLA,"PENSACOLA, FL"
493,NE WYORK CITY,NEW YORK CITY
494,SAN ANTONIO TX,"SAN ANTONIO, TX"
495,"BOSTON, MA.","BOSTON, MA"
496,NEW OREANS,"NEW ORLEANS, LA"
497,BRANT,BRANT
498,MONTE MAGGIA,MONTE MAGGIA
499,OLD-POINT,OLD-POINT
500,PITTSTON PA.,PITTSTON PA.
501,NEW ORLEAN,"NEW ORLEANS, LA"
502,BOSTOPN,"BOSTON, MA"
503,CHARLESTON-MA,"CHARLESTON, MA"
504,NORWICH,NORWICH
505,NEW-YOPRK,NEW YORK
506,OSURGA NY,"OSURGA, NY"
507,JOHSTOWN-PA,"JOHSTOWN, PA"
508,DELANGER,DELANGER
509,WATERBURG,WATERBURG
510,NEW JERSEY,NEW JERSEY
511,NORRISTON-PA,"NORRISTON, PA"
512,AUSTIN-TX,"AUSTIN, TX"
513,WAVERLY NY,"WAVERLY, NY"
514,MC KRESP,MC KRESP
515,JOUNGSTON,JOUNGSTON
516,YOUNGSTON,YOUNGSTON
517,KINGSTON,KINGSTON
518,HESTER,HESTER
519,RENOLDSVILLE-PA,"RENOLDSVILLE, PA"
520,ELEONOR PA,"ELEONOR, PA"
521,SAN FRANCISCO-CA,"SAN FRANCISCO, CA"
522,NEW-YOEK,NEW YORK
523,UTICA-NY,"UTICA, NY"
524,PINE-BLUFF,PINE BLUFF
525,ALLEGHENY-PA,"ALLEGHENY, PA"
526,VANNATON CONN,VANNATON CONN
527,MIDDELTOWN CT,"MIDDELTOWN, CT"
528,PITTSTON PA,PITTSTON PA
529,CINCINATI OH,"CINCINNATI, OH"
530,REYNOLDSVILLE PA,"REYNOLDSVILLE, PA"
531,IOLONSTOWN PA,"IOLONSTOWN, PA"
532,LA,LA
533,BELLEROSE-PA,"BELLEROSE, PA"
534,NORRISTOWN NJ,"NORRISTOWN, NJ"
535,ROCKFORD IL,"ROCKFORD, IL"
536,ALBAMA,ALABAMA
537,DONALSO LA,"DONALSO, LA"
538,VT,VT
539,OAKLAND CO,"OAKLAND, CO"
540,HOBOKEN-NY,"HOBOKEN, NY"
541,DON BOIS PA,"DON BOIS, PA"
542,APOLLO-PA,"APOLLO, PA"
543,CALUMET MI,"CALUMET, MI"
544,MEKERSFORT,MEKERSFORT
545,IOENELLIS,IOENELLIS
546,NYW-YORK,NEW YORK
547,AMSTERDAM-NJ,"AMSTERDAM, NJ"
548,NORFOLK,NORFOLK
549,ARLINGTON IL,"ARLINGTON, IL"
550,SCOTTSDALE PA,"SCOTTSDALE, PA"
551,CINCINNATI-OH,"CINCINNATI, OH"
552,MADISON-PA,"MADISON, PA"
553,NEW LONDON CT,"NEW LONDON, CT"
554,SILVER BROOK,SILVER BROOK
555,BESSEMER AL,"BESSEMER, AL"
556,HOUSTON GA,"HOUSTON, GA"
557,MONTON NJ,"MONTON, NJ"
558,NORISTON-PA,"NORISTON, PA"
559,NORISTON,NORISTON
560,VALSTON PA,"VALSTON, PA"
561,HILLSVILLE PA.,"HILLSVILLE, PA"
562,LOWELLIVILLE OH,"LOWELLIVILLE, OH"
563,NEW-YORK-DIED,NEW YORK
564,LEADVILLE CO,"LEADVILLE, CO"
565,GREENLAND,GREENLAND
566,INDIA-TER,INDIA-TER
567,GLAVERTON-PA,"GLAVERTON, PA"
568,OTTAURI CT,OTTAURI CT
569,KABSAS-CITY,"KANSAS CITY, MO"
570,FRANKLIN,FRANKLIN
571,JOUNSTON PA,"JOUNSTON, PA"
572,OAKLAND,OAKLAND
573,WILSTON-MA,"WILSTON, MA"
574,PITTSBIRG,PITTSBIRG
575,ELMIRA NY,"ELMIRA, NY"
576,NEW YOKR,NEW YORK
577,MOUNT MORRIS NY,"MOUNT MORRIS, NY"
578,SPRINGFIELD,SPRINGFIELD
579,BATTENEY-PA,"BATTENEY, PA"
580,AVON NJ,"AVON, NJ"
581,SARACUSE,SARACUSE
582,UTTICA NY,"UTTICA, NY"
583,S SAGINARO MISH,"S SAGINARO, MI"
584,WESTERLY-R I,"WESTERLY, RI"
585,WESTERLY-R.I.,"WESTERLY, RI"
586,PERTAGA PA,"PERTAGA, PA"
587,BUFFALO TN,"BUFFALO, TN"
588,MOUNTE--,MOUNTE--
589,JOHUSTON-PA,"JOHUSTON, PA"
590,MOUNT--,MOUNT--
591,BATAVIA NY,"BATAVIA, NY"
592,WILLIAMS OH,"WILLIAMS, OH"
593,S.LUCIA,S.LUCIA
594,ALTOMONTE,ALTOMONTE
595,RELA---,RELA---
596,ROMA,ROMA
597,MAIFIT PA,"MAIFIT, PA"
598,MEEKFORT,MEEKFORT
599,ELENOR-PA,"ELENOR, PA"
600,JERSEY-CITY,JERSEY CITY
601,MILIWAKEE WI,"MILIWAKEE, WI"
602,NIAGRA FALLS,NIAGRA FALLS
603,NEWARK-NJ,"NEWARK, NJ"
604,S.JOSE-CA,"SAN JOSE, CA"
605,IRVINGTON,IRVINGTON
606,NORD-STO,NORD-STO
607,WALLSTON,WALLSTON
608,CARBONDALE-PA,"CARBONDALE, PA"
609,GENESCO NY,"GENESCO, NY"
610,DELANEY-PA,"DELANEY, PA"
611,NWE YORK,NEW YORK
612,FREDONIA NY,"FREDONIA, NY"
613,SANJOSE CA,"SAN JOSE, CA"
614,MORRIS N,MORRIS N
615,ROME NY,"ROME, NY"
616,MC KESPORT,MC KESPORT
617,VILEGRES PA,"VILEGRES, PA"
618,BANOS-CA,"BANOS, CA"
619,LOS ANGELES CA,"LOS ANGELES, CA"
620,ELEONORA-PA,"ELEONORA, PA"
621,SCRANTON-PA,"SCRANTON, PA"
622,ROME,ROME
623,JOHUNSTON-PA,"JOHUNSTON, PA"
624,JOHUSTOWN-PA,"JOHUSTOWN, PA"
625,PIZZE,PIZZE
626,MONROE-PA,"MONROE, PA"
627,MANROE,MANROE
628,MONROE,MONROE
629,NEWORLEANS,"NEW ORLEANS, LA"
630,S.F. MESSICO,S.F. MESSICO
631,STANFORT-CT,"STANFORT, CT"
632,SANDUSCY OH,"SANDUSKY, OH"
633,ERIE PA,"ERIE, PA"
634,#NAME?,#NAME?
635,RELARES PA,"RELARES, PA"
636,S. SAINT MARIE,S. SAINT MARIE
637,BRIGHTON-MA,"BRIGHTON, MA"
638,BRIGHTON,BRIGHTON
639,"SPRINGFIELD,MA","SPRINGFIELD, MA"
640,NATCHEZ MISS.,"NATCHEZ, MS"
641,APPALACHIA VA,"APPALACHIA, VA"
642,BIRMINGHAM AL,"BIRMINGHAM, AL"
643,TROY-NY,"TROY, NY"
644,PROVIDENCE NY,"PROVIDENCE, NY"
645,NORRISTOWN PA.,"NORRISTOWN, PA"
646,#NAME?,#NAME?
647,JERSEY CITY NJ,"JERSEY CITY, NJ"
648,BETHLEHEM PA,"BETHLEHEM, PA"
649,MAMARONECK NY,"MAMARONECK, NY"
650,TORONTO CANADA,"TORONTO, CANADA"
651,HILLSVILL OH,"HILLSVILL, OH"
652,ST.LOUIS MO,"ST. LOUIS, MO"
653,LOUISVILLE-KY,"LOUISVILLE, KY"
654,ALEGRES-,ALEGRES-
655,CASALECCHIO,CASALECCHIO
656,PUEBLO-CO,"PUEBLO, CO"
657,ELISABET,ELISABET
658,BATAVIA,BATAVIA
659,NEW-MEXICO,NEW MEXICO
660,HATTFORD-CT,"HATTFORD, CT"
661,BIRMINGHAM,BIRMINGHAM
662,S.ANTONIO-TX,"SAN ANTONIO, TX"
663,SALIMANCA,SALIMANCA
664,HOUSTON TX,"HOUSTON, TX"
665,ELIZABETH-NY,"ELIZABETH, NY"
666,OXFORD WY,"OXFORD, WY"
667,MILTON,MILTON
668,WESTER PA,"WESTER, PA"
669,PUNXATAWNEY PA.,"PUNXATAWNEY, PA"
670,LAURENCE,LAURENCE
671,BRADFORD PA,"BRADFORD, PA"
672,GREIGSVILLE,GREIGSVILLE
673,KENNATECK-IN,"KENNATECK, IN"
674,PITTSFIELD MA,"PITTSFIELD, MA"
675,SOUTHAMPTON,SOUTHAMPTON
676,S. JOSE CA,"SAN JOSE, CA"
677,GALVESTON-TX,"GALVESTON, TX"
678,SAN JOSE CA.,"SAN JOSE, CA"
679,NEW-YOTK,NEW YORK
680,BROOKLNN,"BROOKLYN, NY"
681,LAURENCE-MA,"LAURENCE, MA"
682,LAWRENCE,LAWRENCE
683,WILLIAMSPORT,WILLIAMSPORT
684,ROCHESTER-MA,"ROCHESTER, MA"
685,DALLAS-TX,"DALLAS, TX"
686,PALMIERI-N,PALMIERI-N
687,JULIETTE FL,"JULIETTE, FL"
688,COWANSVILLE,COWANSVILLE
689,CLEARFIELD-PA,"CLEARFIELD, PA"
690,LA SALLE IL,"LA SALLE, IL"
691,BETHLEM-PA,"BETHLEM, PA"
692,DELANGES-PA,"DELANGES, PA"
693,WESTFIELD,WESTFIELD
694,CAMDEM,CAMDEM
695,TAMPA  FL,"TAMPA, FL"
696,WAPP. FALLS NY,"WAPP. FALLS, NY"
697,BENIGIS,BENIGIS
698,STOCKTON KS,"STOCKTON, KS"
699,NEW HAVEN CONN.,"NEW HAVEN, CT"
700,DELAWARE,DELAWARE
701,JOUSTON-PA,"JOUSTON, PA"
702,ATTLANTIC CITY,"ATLANTIC CITY, NJ"
703,VIRGINIA,VIRGINIA
704,MONT VERNON,MONT VERNON
705,BAIONNE,BAIONNE
706,HISVILLE PA,"HISVILLE, PA"
707,CHARLEROI PA,"CHARLEROI, PA"
708,NATICK MA,"NATICK, MA"
709,NEW PORT RI,"NEWPORT, RI"
710,ORWEGO,ORWEGO
711,HARRISBURG PA.,"HARRISBURG, PA"
712,MAMARONESH N,MAMARONESH N
713,S.FRANCESCO,"SAN FRANCESCO, CA"
714,SYRACUSE KS,"SYRACUSE, KS"
715,NEW  YORK,NEW YORK
716,AIZAO,AIZAO
717,SIRACUSE,SIRACUSE
718,WATERTOWN MA,"WATERTOWN, MA"
719,SCRANTON,"SCRANTON, PA"
720,NUION VILLE,NUION VILLE
721,CLINTON IN,"CLINTON, IN"
722,BIG SOLDER PA,"BIG SOLDER, PA"
723,BRISTOL,"BRISTOL, CT"
724,GLOCESTER,GLOCESTER
725,CARNEY,CARNEY
726,ORANGE NY,"ORANGE, NY"
727,BETHLEHEM RI,"BETHLEHEM, RI"
728,MA-- CT,MA-- CT
729,BRYAN-BRAZOS-TEXAS,BRYAN-BRAZOS-TEXAS
730,"CORNELLSVILLE,NY","CORNELLSVILLE, NY"
731,MONT-ADAM-MA,"MONT ADAM, MA"
732,MILLWANKE,"MILLWAUKE, WI"
733,LOUISVILLE KY,"LOUISVILLE, KY"
734,BUTTE CITY MT,"BUTTE CITY, MT"
735,FLOWER TOWN,FLOWER TOWN
736,PORTLAND,PORTLAND
737,PORTCHESTER,PORTCHESTER
738,WASHINGTON D.C.,"WASHINGTON, D.C."
739,PENNSY;LVANI,PENNSYLVANIA
740,PENNSYLVANNIA,PENNSYLVANIA
741,GLAVESTON-PA,"GLAVESTON, PA"
742,WESTERLY MA,"WESTERLY, MA"
743,BRANT-NY,"BRANT, NY"
744,OXFORD,OXFORD
745,SAINT THOMAS CANADA,"SAINT THOMAS, CANADA"
746,PATERSON-NY,"PATERSON, NY"
747,YOHUGSTON-PA,"YOHUGSTON, PA"
748,BRADFORD PA.,"BRADFORD, PA"
749,CARLEROI-PA,"CARLEROI, PA"
750,BROTHEYER,BROTHEYER
751,WESTERLEY,WESTERLEY
752,BENSENVILLE,BENSENVILLE
753,HASTINGS COLORADO,"HASTINGS, COLORADO"
754,PETERSBURG,PETERSBURG
755,NEW-YORK-CHICAGO,NEW-YORK-CHICAGO
756,"DETROIT, MI.","DETROIT, MI"
757,COSHONTON OHIO,"COSHONTON, OHIO"
758,S.FRANCISCO C,"SAN FRANCISCO, CA"
759,S LOUIS MAS,S LOUIS MAS
760,INDIANAOPOLIS,"INDIANAPOLIS, IN"
761,INDIANAPOLIS,"INDIANAPOLIS, IN"
762,GERMANTOWN,GERMANTOWN
763,JOHUNSTON,JOHUNSTON
764,PORT CHESTER NY,"PORT CHESTER, NY"
765,HILLSVILLE-PA,"HILLSVILLE, PA"
766,DALLAS TX.,"DALLAS, TX"
767,M--ORT PA,M--ORT PA
768,SPRING,SPRING
769,WATERFORD NY,"WATERFORD, NY"
770,NEW-ORELEANS,"NEW ORELEANS, LA"
771,EAST-LIBERTY,EAST-LIBERTY
772,NORWALK CT,"NORWALK, CT"
773,PILLSTON,PILLSTON
774,RALSTON PA,"RALSTON, PA"
775,NEW ORLEANS-LA,"NEW ORLEANS, LA"
776,P CANADA,P CANADA
777,DENNISON-OH,"DENNISON, OH"
778,HAMMONTON NY,"HAMMONTON, NY"
779,CT,CT
780,MOSCOW,MOSCOW
781,CUMBERLAND,CUMBERLAND
782,JEFFERSON OH,"JEFFERSON, OH"
783,NASTINGS-CO,"NASTINGS, CO"
784,WILLIAMSPORT PA,"WILLIAMSPORT, PA"
785,BRODDOCH PA,"BRODDOCH, PA"
786,"S,FRANCISCO CA","SAN FRANCISCO, CA"
787,BANGOR,BANGOR
788,NEW OYRK,NEW YORK
789,"ATLANTIC CITY, NJ","ATLANTIC CITY, NJ"
790,BOSTON-PA,"BOSTON, MA"
791,MONUT--,MONUT--
792,RALSTN,RALSTN
793,BRUNSWICK,BRUNSWICK
794,NEW-JERS,NEW JERSEY
795,WILLFORT,WILLFORT
796,HAMILTON,HAMILTON
797,OMAHA,"OMAHA, NE"
798,S-FRANCISCO,"SAN FRANCISCO, CA"
799,BROOKLN-N,"BROOKLN, NY"
800,GLOVERSVILLE,GLOVERSVILLE
801,ORANGE VALLEY NJ,"ORANGE VALLEY, NJ"
802,SAN-JOSEPH,SAN-JOSEPH
803,KUISLAND OH,"KUISLAND, OH"
804,GREENSBURGH-PA,"GREENSBURGH, PA"
805,GRANSBURG-PA,"GRANSBURG, PA"
806,ELEANOR PA,"ELEANOR, PA"
807,MILWAUKEE-WI,"MILWAUKEE, WI"
808,ROCHESTER PA,"ROCHESTER, PA"
809,BRISTOL PA,"BRISTOL, PA"
810,GEFFERSON,GEFFERSON
811,MIDDLETON-CT,"MIDDLETON, CT"
812,FRANKLIN IL,"FRANKLIN, IL"
813,MOSCON,MOSCON
814,CRESHAW PA,"CRESHAW, PA"
815,PITTSBURGH PA,"PITTSBURGH, PA"
816,RENO NEVADA,"RENO, NEVADA"
817,BRADDOCK PA,"BRADDOCK, PA"
818,RI,RI
819,TORONTO CAN,"TORONTO, CAN"
820,NIAGARA,NIAGARA
821,AMOS-VILLE,AMOS-VILLE
822,BALTIMORE M,"BALTIMORE, MD"
823,DELONGER-PA,"DELONGER, PA"
824,WELLSVILLE IL,"WELLSVILLE, IL"
825,MONTREAL CANADA,"MONTREAL, CANADA"
826,DELANGEN,DELANGEN
827,HOUSTON-FL,"HOUSTON, FL"
828,BRAIDWOOD IL,"BRAIDWOOD, IL"
829,WESTERL--,WESTERL--
830,LANDING PA,"LANDING, PA"
831,GINSTOWN,GINSTOWN
832,S.PETERSBURG,S.PETERSBURG
833,IOTENSTON PA,"IOTENSTON, PA"
834,HAMILTON ONT,"HAMILTON, ONT"
835,NORRISTON-MA,"NORRISTON, MA"
836,ELISABETH PORT VA,"ELISABETH PORT, VA"
837,KINGSTON NY,"KINGSTON, NY"
838,WELLAND,WELLAND
839,WICKSBURG MS,"WICKSBURG, MS"
840,WORCESTER,WORCESTER
841,WHITNEY PA,"WHITNEY, PA"
842,HAZELTON-CT,"HAZELTON, CT"
843,WASHINGTON DC,"WASHINGTON, DC"
844,USA-DIED,USA
845,N.ORLEANS-DIED,"NEW ORLEANS, LA"
846,HORATIO-PA,"HORATIO, PA"
847,ONEIDA NY,"ONEIDA, NY"
848,MCKEESPORT PA,"MCKEESPORT, PA"
849,HOMESTEAD,HOMESTEAD
850,BROCKWAY PA,"BROCKWAY, PA"
851,CLINTON MAS,"CLINTON, MA"
852,BUFFALO  NY,"BUFFALO, NY"
853,LOWELLVILLE OH,"LOWELLVILLE, OH"
854,READING PA,"READING, PA"
855,REC -POR,REC -POR
856,MONTEMAGGIORE,MONTEMAGGIORE
857,LANGSTON PA,"LANGSTON, PA"
858,NEWE YORK,NEW YORK
859,FLOWERTOWN,FLOWERTOWN
860,ROCKSPRINGS TX,"ROCKSPRINGS, TX"
861,VICKSBERG-MN,"VICKSBERG, MN"
862,USA DIED,USA
863,MC KREES,MC KREES
864,APARACHICO CL,APARACHICO CL
865,CAMPO DI FANO,CAMPO DI FANO
866,SAN JOSE-CA,"SAN JOSE, CA"
867,SAN JOSE -CA,"SAN JOSE, CA"
868,REGGIO-DI-CALABRIA,REGGIO-DI-CALABRIA
869,TRINITA-CO,"TRINITA, CO"
870,S.DOMINGO,S.DOMINGO
871,BOSTON MASS,"BOSTON, MA"
872,ERIE OH,"ERIE, OH"
873,LOOMSTON PA,"LOOMSTON, PA"
874,BELLETORRE LA,"BELLETORRE, LA"
875,NORTAN,NORTAN
876,MEMPHIS TN,"MEMPHIS, TN"
877,WHITE-CASTLE,WHITE-CASTLE
878,LEROY NY,"LEROY, NY"
879,MEEKSFORT,MEEKSFORT
880,"MORRIS,","MORRIS,"
881,DIED-TRANSIT HOSPITA,DIED-TRANSIT HOSPITA
882,CANEGIE PA,"CANEGIE, PA"
883,AUSONIA-CT,"AUSONIA, CT"
884,MILFARE-MI,"MILFARE,MI"
885,SO BATHLIHAN PA,"SO BATHLIHAN, PA"
886,SPRINGFIELD-IL,"SPRINGFIELD, IL"
887,HAMSTERDAM,HAMSTERDAM
888,WATERLO NY,"WATERLO, NY"
889,GLASGOW,GLASGOW
890,WALSTON-PA,"WALSTON, PA"
891,BRISTOL RI,"BRISTOL, RI"
892,DELONGER,DELONGER
893,LAS VEGAS CA,"LAS VEGAS, CA"
894,MORRISTO,MORRISTO
895,CANDESPORT PA,"CANDESPORT, PA"
896,MC KEESPORT PA,"MC KEESPORT, PA"
897,BELLIGE PA,"BELLIGE, PA"
898,WESTERLEY-PA,"WESTERLEY, PA"
899,PLYMOUTH CENTRE - MA,"PLYMOUTH CENTRE, MA"
900,ALDFORGE,ALDFORGE
901,FAYATE CITY PA,"FAYATE CITY, PA"
902,VINELAND-NJ,"VINELAND, NJ"
903,BROOKLYN-NJ,"BROOKLYN, NJ"
904,BROOOKLYN,"BROOKLYN, NY"
905,B--,B--
906,HOMESTEA,HOMESTEA
907,HOMOSTEA,HOMOSTEA
908,CLEVELAND OK,"CLEVELAND, OK"
909,S ANTONIO,"SAN ANTONIO, TX"
910,MIDDEKEAN,MIDDEKEAN
911,AMATRA,AMATRA
912,PORT-CHESTER,PORT-CHESTER
913,MILFORD PA,"MILFORD, PA"
914,BRADFORD-CT,"BRADFORD, CT"
915,SUSPENSION BRIDGE NY,"SUSPENSION BRIDGE, NY"
916,MOUNT-,MOUNT-
917,MIDLETON CT,"MIDLETON, CT"
918,ST.LOUIS-MA,"ST.LOUIS, MA"
919,NEW  ORLEANS LA,"NEW  ORLEANS, LA"
920,WATERBURG CT,"WATERBURG, CT"
921,SCIACCA,SCIACCA
922,PROVIDENCE MA,"PROVIDENCE, MA"
923,MT MORRIS,MT MORRIS
924,PENSACOLA-FL,"PENSACOLA, FL"
925,SMITHON PA,"SMITHON, PA"
926,NAPOLEONVILL,NAPOLEONVILL
927,JOHNNSTOWN PA,"JOHNNSTOWN, PA"
928,BROOKLYNG,"BROOKLYN, NY"
929,NEW ARK,NEW ARK
930,MADISON NJ,"MADISON, NJ"
931,OKLAHOMA CITY OK.,"OKLAHOMA CITY, OK"
932,ST.JOHN,ST.JOHN
933,CLEVELAND OH.,"CLEVELAND, OH"
934,MERIDEN-CT,"MERIDEN, CT"
935,ST.PAUL-MN,"ST.PAUL, MN"
