,DestRaw,Dest,geocoder_results,latlong
0,NEW YORK,NEW YORK,"<[OK] Google - Geocode [New York, NY, USA]>","[40.7127753, -74.0059728]"
1,NEW-ORLEANS-LA,"NEW ORLEANS, LA","<[OK] Google - Geocode [New Orleans, LA, USA]>","[29.95106579999999, -90.0715323]"
2,NEW-ORLEANS,"NEW ORLEANS, LA","<[OK] Google - Geocode [New Orleans, LA, USA]>","[29.95106579999999, -90.0715323]"
3,USA,USA,<[OK] Google - Geocode [United States]>,"[37.09024, -95.712891]"
4,PHILADELPHIA,"PHILADELPHIA, PA","<[OK] Google - Geocode [Philadelphia, PA, USA]>","[39.9525839, -75.1652215]"
5,BOSTON,"BOSTON, MA","<[OK] Google - Geocode [Boston, MA, USA]>","[42.3600825, -71.0588801]"
6,CHICAGO,"CHICAGO, IL","<[OK] Google - Geocode [Chicago, IL, USA]>","[41.8781136, -87.6297982]"
7,KANSAS,KANSAS,"<[OK] Google - Geocode [Kansas, USA]>","[39.011902, -98.4842465]"
8,NEW ORLEANS,"NEW ORLEANS, LA","<[OK] Google - Geocode [New Orleans, LA, USA]>","[29.95106579999999, -90.0715323]"
9,TEXAS,TEXAS,"<[OK] Google - Geocode [Texas, USA]>","[31.9685988, -99.9018131]"
10,SAN FRANCISCO,"SAN FRANCISCO, CA","<[OK] Google - Geocode [San Francisco, CA, USA]>","[37.7749295, -122.4194155]"
11,BUFFALO,"BUFFALO, NY","<[OK] Google - Geocode [Buffalo, NY, USA]>","[42.88644679999999, -78.8783689]"
12,ALABAMA,ALABAMA,"<[OK] Google - Geocode [Alabama, USA]>","[32.3182314, -86.902298]"
13,NEW YROK,NEW YORK,"<[OK] Google - Geocode [New York, NY, USA]>","[40.7127753, -74.0059728]"
14,SAN LOUIS,"SAINT LOUIS, MO","<[OK] Google - Geocode [St. Louis, MO, USA]>","[38.6270025, -90.19940419999999]"
15,LOUISIANA,LOUISIANA,"<[OK] Google - Geocode [Louisiana, USA]>","[30.9842977, -91.96233269999999]"
16,PITTSBURG PA,"PITTSBURG, PA","<[OK] Google - Geocode [Pittsburgh, PA, USA]>","[40.44062479999999, -79.9958864]"
17,BUFFALO NY,"BUFFALO, NY","<[OK] Google - Geocode [Buffalo, NY, USA]>","[42.88644679999999, -78.8783689]"
18,CHICAGO IL,"CHICAGO, IL","<[OK] Google - Geocode [Chicago, IL, USA]>","[41.8781136, -87.6297982]"
19,WESTERLEY RI,"WESTERLY, RI","<[OK] Google - Geocode [Westerly, RI, USA]>","[41.3775987, -71.82728709999999]"
20,BROOKLYN,"BROOKLYN, NY","<[OK] Google - Geocode [Brooklyn, NY, USA]>","[40.6781784, -73.9441579]"
21,HOUSTON-TX,"HOUSTON, TX","<[OK] Google - Geocode [Houston, TX, USA]>","[29.7604267, -95.3698028]"
22,ELEONORE-PA,"ELEANOR, PA","<[OK] Google - Geocode [185 Walton Dr, Morrisville, PA 19067, USA]>","[40.2006537, -74.8265371]"
23,BROOKLYN NY,"BROOKLYN, NY","<[OK] Google - Geocode [Brooklyn, NY, USA]>","[40.6781784, -73.9441579]"
24,MINNEAPOLIS,"MINNEAPOLIS, MN","<[OK] Google - Geocode [Minneapolis, MN, USA]>","[44.977753, -93.2650108]"
25,BOSTON-MA,"BOSTON, MA","<[OK] Google - Geocode [Boston, MA, USA]>","[42.3600825, -71.0588801]"
26,PITTSBURG,"PITTSBURG, PA","<[OK] Google - Geocode [Pittsburgh, PA, USA]>","[40.44062479999999, -79.9958864]"
27,ALTONA,ALTONA,"<[OK] Google - Geocode [Altona, CO 80302, USA]>","[40.13339999999999, -105.282494]"
28,ROCHESTER,"ROCHESTER, NY","<[OK] Google - Geocode [Rochester, NY, USA]>","[43.15657789999999, -77.6088465]"
29,ROCHESTER-NY,"ROCHESTER, NY","<[OK] Google - Geocode [Rochester, NY, USA]>","[43.15657789999999, -77.6088465]"
30,NORRISTOWN,NORRISTOWN,"<[OK] Google - Geocode [Norristown, PA, USA]>","[40.121497, -75.3399048]"
31,NEW ORLEANS LA,"NEW ORLEANS, LA","<[OK] Google - Geocode [New Orleans, LA, USA]>","[29.95106579999999, -90.0715323]"
32,SAVANNAH GA.,"SAVANNAH, GA","<[OK] Google - Geocode [Savannah, GA, USA]>","[32.0808989, -81.091203]"
33,BUFALO,"BUFFALO, NY","<[OK] Google - Geocode [Buffalo, NY, USA]>","[42.88644679999999, -78.8783689]"
34,SERANTON PA,"SERANTON, PA","<[OK] Google - Geocode [Scranton, PA, USA]>","[41.408969, -75.66241219999999]"
35,NEW-YORK,NEW YORK,"<[OK] Google - Geocode [New York, NY, USA]>","[40.7127753, -74.0059728]"
36,DELANCY-PA,"DE LANCY, PA","<[OK] Google - Geocode [De Lancy, PA, USA]>","[40.9865811, -78.96023199999999]"
37,SAINT LOUIS MO,"SAINT LOUIS, MO","<[OK] Google - Geocode [St. Louis, MO, USA]>","[38.6270025, -90.19940419999999]"
38,ST LOUIS MA,ST LOUIS MO,"<[OK] Google - Geocode [St. Louis, MO, USA]>","[38.6270025, -90.19940419999999]"
39,MT,MT,"<[OK] Google - Geocode [Montana, USA]>","[46.8796822, -110.3625658]"
40,BUFFALO-NY,"BUFFALO, NY","<[OK] Google - Geocode [Buffalo, NY, USA]>","[42.88644679999999, -78.8783689]"
41,ROCKLAND,ROCKLAND,"<[OK] Google - Geocode [Rockland, MA, USA]>","[42.1306563, -70.9161551]"
42,BRYAN-TX,"BRYAN, TX","<[OK] Google - Geocode [Bryan, TX, USA]>","[30.6743643, -96.3699632]"
43,BOSTON MA,"BOSTON, MA","<[OK] Google - Geocode [Boston, MA, USA]>","[42.3600825, -71.0588801]"
44,BALTIMORE,"BALTIMORE, MD","<[OK] Google - Geocode [Baltimore, MD, USA]>","[39.2903848, -76.6121893]"
45,BRIAN-TX,"BRIAN, TX","<[OK] Google - Geocode [Bryan, TX, USA]>","[30.6743643, -96.3699632]"
46,N.ORLEANS,"NEW ORLEANS, LA","<[OK] Google - Geocode [New Orleans, LA, USA]>","[29.95106579999999, -90.0715323]"
47,PHILADELPHIA PA,"PHILADELPHIA, PA","<[OK] Google - Geocode [Philadelphia, PA, USA]>","[39.9525839, -75.1652215]"
48,KANSAS CITY KS,"KANSAS CITY, KS","<[OK] Google - Geocode [Kansas City, KS, USA]>","[39.11553139999999, -94.62678729999999]"
49,PROVIDENCE RI,"PROVIDENCE, RI","<[OK] Google - Geocode [Providence, RI, USA]>","[41.8239891, -71.4128343]"
50,CAN,CANADA,<[OK] Google - Geocode [Canada]>,"[56.130366, -106.346771]"
51,ST. LOUIS MO.,"ST. LOUIS, MO","<[OK] Google - Geocode [St. Louis, MO, USA]>","[38.6270025, -90.19940419999999]"
52,CALIFORNIA,CALIFORNIA,"<[OK] Google - Geocode [California, USA]>","[36.778261, -119.4179324]"
53,NEW ARK NJ,"NEW ARK, NJ","<[OK] Google - Geocode [Newark, NJ, USA]>","[40.735657, -74.1723667]"
54,AUSINIA,AUSINIA,"<[OK] Google - Geocode [Ansonia, CT, USA]>","[41.34620779999999, -73.07899689999999]"
55,NEWHAVEN,"NEW HAVEN, CT","<[OK] Google - Geocode [New Haven, CT, USA]>","[41.308274, -72.9278835]"
56,SAN-FRANCISCO,"SAN FRANCISCO, CA","<[OK] Google - Geocode [San Francisco, CA, USA]>","[37.7749295, -122.4194155]"
57,PROVIDENCE,"PROVIDENCE, RI","<[OK] Google - Geocode [Providence, RI, USA]>","[41.8239891, -71.4128343]"
58,TRINIDAD CO,"TRINIDAD, CO","<[OK] Google - Geocode [Trinidad, CO 81082, USA]>","[37.1694632, -104.5005407]"
59,ELEONOR-PA,"ELEANOR, PA","<[OK] Google - Geocode [185 Walton Dr, Morrisville, PA 19067, USA]>","[40.2006537, -74.8265371]"
60,KOBOKEN,"HOBOKEN, NJ","<[OK] Google - Geocode [Hoboken, NJ, USA]>","[40.7439905, -74.0323626]"
61,PASSAIC NJ,"PASSAIC, NJ","<[OK] Google - Geocode [Passaic, NJ, USA]>","[40.8567662, -74.1284764]"
62,PHILADELPHIA-PA,"PHILADELPHIA, PA","<[OK] Google - Geocode [Philadelphia, PA, USA]>","[39.9525839, -75.1652215]"
63,MIDDLETOWN,MIDDLETOWN,"<[OK] Google - Geocode [Middletown, CT, USA]>","[41.5623209, -72.6506488]"
64,PA,PA,"<[OK] Google - Geocode [Pennsylvania, USA]>","[41.2033216, -77.1945247]"
65,PHILA,"PHILADELPHIA, PA","<[OK] Google - Geocode [Philadelphia, PA, USA]>","[39.9525839, -75.1652215]"
66,LAKE CHARLES LA,"LAKE CHARLES, LA","<[OK] Google - Geocode [Lake Charles, LA, USA]>","[30.2265949, -93.2173758]"
67,DUNKIRK NJ,"DUNKIRK, NY","<[OK] Google - Geocode [Dunkirk, NY 14048, USA]>","[42.4795019, -79.3339324]"
68,SYRACUSE,"SYRACUSE, NY","<[OK] Google - Geocode [Syracuse, NY, USA]>","[43.0481221, -76.14742439999999]"
69,SYRACUSO NY,"SYRACUSE, NY","<[OK] Google - Geocode [Syracuse, NY, USA]>","[43.0481221, -76.14742439999999]"
70,BRYAN TX,"BRYAN, TX","<[OK] Google - Geocode [Bryan, TX, USA]>","[30.6743643, -96.3699632]"
71,CHICAGO-IL,"CHICAGO, IL","<[OK] Google - Geocode [Chicago, IL, USA]>","[41.8781136, -87.6297982]"
72,COLORADO,COLORADO,"<[OK] Google - Geocode [Colorado, USA]>","[39.5500507, -105.7820674]"
73,ANSONIA-CT,"ANSONIA, CT","<[OK] Google - Geocode [Ansonia, CT, USA]>","[41.34620779999999, -73.07899689999999]"
74,SCRANTON PA,"SCRANTON, PA","<[OK] Google - Geocode [Scranton, PA, USA]>","[41.408969, -75.66241219999999]"
75,DETROIT MI,"DETROIT, MI","<[OK] Google - Geocode [Detroit, MI, USA]>","[42.331427, -83.0457538]"
76,PROVVIDENCE,"PROVIDENCE, RI","<[OK] Google - Geocode [Providence, RI, USA]>","[41.8239891, -71.4128343]"
77,NEW YORKLEROY-NY,"NEW YORKLEROY, NY","<[OK] Google - Geocode [Le Roy, NY 14482, USA]>","[42.9783944, -77.9841776]"
78,DELANGE,DELANGE,remove,
79,IRON-MOUNTAIN,IRON-MOUNTAIN,remove,
80,MAFIELD,MAFIELD,remove,
81,PENNSYLVANIA,PENNSYLVANIA,"<[OK] Google - Geocode [Pennsylvania, USA]>","[41.2033216, -77.1945247]"
82,LAURENCE MA,"LAURENCE, MA","<[OK] Google - Geocode [Lawrence, MA, USA]>","[42.7070354, -71.1631137]"
83,FL,FL,"<[OK] Google - Geocode [Florida, USA]>","[27.6648274, -81.5157535]"
84,TRINIDAD-CO,"TRINIDAD, CO","<[OK] Google - Geocode [Trinidad, CO 81082, USA]>","[37.1694632, -104.5005407]"
85,NEWARK NJ,"NEWARK, NJ","<[OK] Google - Geocode [Newark, NJ, USA]>","[40.735657, -74.1723667]"
86,SYRACUSE NY,"SYRACUSE, NY","<[OK] Google - Geocode [Syracuse, NY, USA]>","[43.0481221, -76.14742439999999]"
87,PHILADELPHIA PA.,"PHILADELPHIA, PA","<[OK] Google - Geocode [Philadelphia, PA, USA]>","[39.9525839, -75.1652215]"
88,JERSEY CITY,"JERSEY CITY, NJ","<[OK] Google - Geocode [Jersey City, NJ, USA]>","[40.7177545, -74.0431435]"
89,S.LOUIS,"ST. LOUIS, MO","<[OK] Google - Geocode [St. Louis, MO, USA]>","[38.6270025, -90.19940419999999]"
90,ROCK GLEN WY,"ROCK GLEN, WY","<[OK] Google - Geocode [Rock Glen, NY 14550, USA]>","[42.685895, -78.11889839999999]"
91,ST.LOUIS,"ST. LOUIS, MO","<[OK] Google - Geocode [St. Louis, MO, USA]>","[38.6270025, -90.19940419999999]"
92,NEW-HAVEN,"NEW HAVEN, CT","<[OK] Google - Geocode [New Haven, CT, USA]>","[41.308274, -72.9278835]"
93,ERIE,ERIE,"<[OK] Google - Geocode [Erie, PA, USA]>","[42.12922409999999, -80.085059]"
94,SIRACUSA NY,"SYRACUSE, NY","<[OK] Google - Geocode [Syracuse, NY, USA]>","[43.0481221, -76.14742439999999]"
95,JEFFERSON,"JEFFERSON, NJ","<[OK] Google - Geocode [Jefferson, NJ, USA]>","[41.0029893, -74.5580454]"
96,"BROOKLYN, NY","BROOKLYN, NY","<[OK] Google - Geocode [Brooklyn, NY, USA]>","[40.6781784, -73.9441579]"
97,MIDDLETOWN-CT,"MIDDLETOWN, CT","<[OK] Google - Geocode [Middletown, CT, USA]>","[41.5623209, -72.6506488]"
98,HARTFORD CT,"HARTFORD, CT","<[OK] Google - Geocode [Hartford, CT, USA]>","[41.7658043, -72.6733723]"
99,SAN FRANCISCO CA,"SAN FRANCISCO, CA","<[OK] Google - Geocode [San Francisco, CA, USA]>","[37.7749295, -122.4194155]"
100,HOBOKEN NJ,"HOBOKEN, NJ","<[OK] Google - Geocode [Hoboken, NJ, USA]>","[40.7439905, -74.0323626]"
101,OREGON,OREGON,"<[OK] Google - Geocode [Oregon, USA]>","[43.8041334, -120.5542012]"
102,W.HOBOKEN NJ,"W. HOBOKEN, NJ","<[OK] Google - Geocode [225 River St, Hoboken, NJ 07030, USA]>","[40.7393875, -74.0280172]"
103,BROOKLYN-NY,"BROOKLYN, NY","<[OK] Google - Geocode [Brooklyn, NY, USA]>","[40.6781784, -73.9441579]"
104,LEROY,LEROY,"<[OK] Google - Geocode [Le Roy, NY 14482, USA]>","[42.9783944, -77.9841776]"
105,BALTIMORE MD,"BALTIMORE, MD","<[OK] Google - Geocode [Baltimore, MD, USA]>","[39.2903848, -76.6121893]"
106,CHARLESTON,"CHARLESTON, SC","<[OK] Google - Geocode [Charleston, SC, USA]>","[32.7764749, -79.93105120000001]"
107,PLYMONTH MA,"PLYMONTH, MA","<[OK] Google - Geocode [Plymouth, MA, USA]>","[41.9584457, -70.6672621]"
108,NW YORK,NEW YORK,"<[OK] Google - Geocode [New York, NY, USA]>","[40.7127753, -74.0059728]"
109,NORRISTOWN PA,"NORRISTOWN, PA","<[OK] Google - Geocode [Norristown, PA, USA]>","[40.121497, -75.3399048]"
110,LONDON,LONDON,remove,
111,ATLANTIC CITY NJ,"ATLANTIC CITY, NJ","<[OK] Google - Geocode [Atlantic City, NJ, USA]>","[39.3642834, -74.4229266]"
112,SIRACUSA,SIRACUSA,remove,
113,ALBANY-NY,"ALBANY, NY","<[OK] Google - Geocode [Albany, NY, USA]>","[42.6525793, -73.7562317]"
114,JOHNSTOWN,JOHNSTOWN,"<[OK] Google - Geocode [Johnstown, PA, USA]>","[40.32674069999999, -78.9219698]"
115,TACOMA WA,"TACOMA, WA","<[OK] Google - Geocode [Tacoma, WA, USA]>","[47.2528768, -122.4442906]"
116,NEW BRITAIN CT,"NEW BRITAIN, CT","<[OK] Google - Geocode [New Britain, CT, USA]>","[41.6612104, -72.7795419]"
117,PATTERSON,PATTERSON,"<[OK] Google - Geocode [Independence, KS 67301, USA]>","[37.09024, -95.712891]"
118,OH,OH,"<[OK] Google - Geocode [Ohio, USA]>","[40.4172871, -82.90712300000001]"
119,CORNIGAN,CORNIGAN,<[ZERO_RESULTS] Google - Geocode [empty]>,
120,BEGGIO,BEGGIO,<[ZERO_RESULTS] Google - Geocode [empty]>,
121,READING,READING,<[OK] Google - Geocode #2 results>,"[51.4542645, -0.9781303]"
122,"MIDDLETON, CT","MIDDLETON, CT","<[OK] Google - Geocode [Middletown, CT, USA]>","[41.5623209, -72.6506488]"
123,OHIO,OHIO,"<[OK] Google - Geocode [Ohio, USA]>","[40.4172871, -82.90712300000001]"
124,KANSAS CITY,KANSAS CITY,"<[OK] Google - Geocode [Kansas City, MO, USA]>","[39.0997265, -94.5785667]"
125,NEW-JERSEY,NEW JERSEY,"<[OK] Google - Geocode [New Jersey, USA]>","[40.0583238, -74.4056612]"
126,DENVER COL.,"DENVER, CO","<[OK] Google - Geocode [Denver, CO, USA]>","[39.7392358, -104.990251]"
127,N.ORLEANS-LA,"NEW ORLEANS, LA","<[OK] Google - Geocode [New Orleans, LA, USA]>","[29.95106579999999, -90.0715323]"
128,"BALTIMORE, MD","BALTIMORE, MD","<[OK] Google - Geocode [Baltimore, MD, USA]>","[39.2903848, -76.6121893]"
129,RICHMOND,RICHMOND,"<[OK] Google - Geocode [Richmond, VA, USA]>","[37.5407246, -77.4360481]"
130,LOUISVILLE,"LOUISVILLE, KY","<[OK] Google - Geocode [Louisville, KY, USA]>","[38.2526647, -85.7584557]"
131,ELISABETH NJ,"ELISABETH, NJ","<[OK] Google - Geocode [Elizabeth, NJ, USA]>","[40.6639916, -74.2107006]"
132,ELIZABETH,ELIZABETH,"<[OK] Google - Geocode [Independence, KS 67301, USA]>","[37.09024, -95.712891]"
133,DETROIT,"DETROIT, MI","<[OK] Google - Geocode [Detroit, MI, USA]>","[42.331427, -83.0457538]"
134,KANSAS-CITY,KANSAS CITY,"<[OK] Google - Geocode [Kansas City, MO, USA]>","[39.0997265, -94.5785667]"
135,AMSTERDAM,AMSTERDAM,"<[OK] Google - Geocode [Amsterdam, Netherlands]>","[52.3679843, 4.9035614]"
136,NEWARK,NEWARK,"<[OK] Google - Geocode [Newark, NJ, USA]>","[40.735657, -74.1723667]"
137,SAN-FRANCISCO-CA,"SAN FRANCISCO, CA","<[OK] Google - Geocode [San Francisco, CA, USA]>","[37.7749295, -122.4194155]"
138,S FRANCISCO CAL,"SAN FRANCISCO, CA","<[OK] Google - Geocode [San Francisco, CA, USA]>","[37.7749295, -122.4194155]"
139,BRIAN TEXAS,"BRIAN, TEXAS","<[OK] Google - Geocode [Bryan, TX, USA]>","[30.6743643, -96.3699632]"
140,JOUNGSTOWN-PA,"JOUNGSTOWN, PA","<[OK] Google - Geocode [Youngstown, PA 15650, USA]>","[40.2797927, -79.36559129999999]"
141,CLEARFIELD CT,"CLEARFIELD, CT",<[OK] Google - Geocode #10 results>,"[39.54508089999999, -76.5095666]"
142,FLORIDA,FLORIDA,"<[OK] Google - Geocode [Florida, USA]>","[27.6648274, -81.5157535]"
143,ROCHESTER NY,"ROCHESTER, NY","<[OK] Google - Geocode [Rochester, NY, USA]>","[43.15657789999999, -77.6088465]"
144,PITSBURGH,"PITSBURGH, PA","<[OK] Google - Geocode [Pittsburgh, PA, USA]>","[40.44062479999999, -79.9958864]"
145,MURPHYSBORO IL,"MURPHYSBORO, IL","<[OK] Google - Geocode [Murphysboro, IL 62966, USA]>","[37.7644952, -89.3350888]"
146,PITTSBURGH,"PITTSBURGH, PA","<[OK] Google - Geocode [Pittsburgh, PA, USA]>","[40.44062479999999, -79.9958864]"
147,PITTSTON,PITTSTON,"<[OK] Google - Geocode [Pittston, PA, USA]>","[41.3259134, -75.78936039999999]"
148,WESTERLIN,WESTERLIN,"<[OK] Google - Geocode [3026 10th Ave, Rock Island, IL 61201, USA]>","[41.501012, -90.5562829]"
149,LUVELLEW,LUVELLEW,<[ZERO_RESULTS] Google - Geocode [empty]>,
150,HILLYLLE,HILLYLLE,<[ZERO_RESULTS] Google - Geocode [empty]>,
151,PUEBLO CO,"PUEBLO, CO","<[OK] Google - Geocode [Pueblo, CO, USA]>","[38.2544472, -104.6091409]"
152,MIDDLETON CT,"MIDDLETON, CT","<[OK] Google - Geocode [Middletown, CT, USA]>","[41.5623209, -72.6506488]"
153,NEW-HAVEN-CT,"NEW HAVEN, CT","<[OK] Google - Geocode [New Haven, CT, USA]>","[41.308274, -72.9278835]"
154,LASALLE-IL,"LASALLE, IL","<[OK] Google - Geocode [Lasalle, IL, USA]>","[41.3621503, -89.0418249]"
155,WALSTON PA,"WALSTON, PA","<[OK] Google - Geocode [Walston, PA 15781, USA]>","[40.9650644, -78.9947562]"
156,S FRANCISCO CA,"SAN FRANCISCO, CA","<[OK] Google - Geocode [San Francisco, CA, USA]>","[37.7749295, -122.4194155]"
157,S.FRANCISCO CA,"SAN FRANCISCO, CA","<[OK] Google - Geocode [San Francisco, CA, USA]>","[37.7749295, -122.4194155]"
158,AVON,AVON,"<[OK] Google - Geocode [5625 E 41st St, Tulsa, OK 74135, USA]>","[36.10512, -95.913989]"
159,HAMMONTOWN,HAMMONTOWN,"<[OK] Google - Geocode [Hammonton, NJ, USA]>","[39.6365056, -74.8023853]"
160,BALTIMORA,BALTIMORA,"<[OK] Google - Geocode [Baltimore, MD, USA]>","[39.2903848, -76.6121893]"
161,CINCINNATI,"CINCINNATI, OH","<[OK] Google - Geocode [Cincinnati, OH, USA]>","[39.1031182, -84.5120196]"
162,MEMPHIS,"MEMPHIS, TN","<[OK] Google - Geocode [Memphis, TN, USA]>","[35.1495343, -90.0489801]"
163,ADAM-PA,"ADAM, PA","<[OK] Google - Geocode [9300 W 110th St #470, Overland Park, KS 66210, USA]>","[38.929035, -94.69369400000001]"
164,PORTAGE PA.,"PORTAGE, PA","<[OK] Google - Geocode [Portage, PA, USA]>","[40.3886847, -78.672241]"
165,FRANCISCO,FRANCISCO,"<[OK] Google - Geocode [San Francisco, CA, USA]>","[37.7749295, -122.4194155]"
166,DUNDEE MI,"DUNDEE, MI","<[OK] Google - Geocode [Dundee, MI 48131, USA]>","[41.9572676, -83.6596596]"
167,TAMBA-FL,"TAMPA, FL","<[OK] Google - Geocode [Tampa, FL, USA]>","[27.950575, -82.4571776]"
168,ALTARILLA,ALTARILLA,<[ZERO_RESULTS] Google - Geocode [empty]>,
169,NALSTON-PA,"NALSTON, PA","<[OK] Google - Geocode [584 Springville Rd, New Holland, PA 17557, USA]>","[40.070568, -76.01723989999999]"
170,ELIZABETH NJ,"ELIZABETH, NJ","<[OK] Google - Geocode [Elizabeth, NJ, USA]>","[40.6639916, -74.2107006]"
171,HAMMONTON,HAMMONTON,"<[OK] Google - Geocode [Hammonton, NJ, USA]>","[39.6365056, -74.8023853]"
172,TELLURIDE,TELLURIDE,"<[OK] Google - Geocode [Telluride, CO 81435, USA]>","[37.9374939, -107.8122852]"
173,CLEVELAND,"CLEVELAND, OH","<[OK] Google - Geocode [Cleveland, OH, USA]>","[41.49932, -81.6943605]"
174,LAMFORT,LAMFORT,<[ZERO_RESULTS] Google - Geocode [empty]>,
175,SOLDIER-JEFFERSON,SOLDIER-JEFFERSON,"<[OK] Google - Geocode [W Jefferson Blvd, Los Angeles, CA 90016, USA]>","[34.025458, -118.3355752]"
176,WASHINGTON,WASHINGTON,"<[OK] Google - Geocode [Washington, USA]>","[47.7510741, -120.7401385]"
177,HOBOKEN-NJ,"HOBOKEN, NJ","<[OK] Google - Geocode [Hoboken, NJ, USA]>","[40.7439905, -74.0323626]"
178,TRENTON-PA,"TRENTON, PA","<[OK] Google - Geocode [Trenton, PA 17948, USA]>","[40.8381432, -76.09048849999999]"
179,MARYLAND,MARYLAND,"<[OK] Google - Geocode [Maryland, USA]>","[39.0457549, -76.64127119999999]"
180,TRENTON,TRENTON,"<[OK] Google - Geocode [Trenton, NJ, USA]>","[40.2205824, -74.759717]"
181,FORT WORTH,"FORT WORTH, TX","<[OK] Google - Geocode [Fort Worth, TX, USA]>","[32.7554883, -97.3307658]"
182,MONTREAL CAN,"MONTREAL, CANADA","<[OK] Google - Geocode [Montreal, QC, Canada]>","[45.5016889, -73.567256]"
183,SYRACUSA,SYRACUSA,"<[OK] Google - Geocode [96100 Syracuse, Province of Syracuse, Italy]>","[37.0754739, 15.2865861]"
184,WY,WY,"<[OK] Google - Geocode [Wyoming, USA]>","[43.0759678, -107.2902839]"
185,MI,MI,<[ZERO_RESULTS] Google - Geocode [empty]>,
186,YOUNGSTOWN OH,"YOUNGSTOWN, OH","<[OK] Google - Geocode [Youngstown, OH, USA]>","[41.0997803, -80.6495194]"
187,PLYMOUTH MA,"PLYMOUTH, MA","<[OK] Google - Geocode [Plymouth, MA, USA]>","[41.9584457, -70.6672621]"
188,RANKIN PA,"RANKIN, PA","<[OK] Google - Geocode [Rankin, PA, USA]>","[40.412569, -79.879216]"
189,NEW CASTLE PA,"NEW CASTLE, PA","<[OK] Google - Geocode [New Castle, PA, USA]>","[41.0036719, -80.34700900000001]"
190,BROOCKLYN NY,"BROOKLYN, NY","<[OK] Google - Geocode [Brooklyn, NY, USA]>","[40.6781784, -73.9441579]"
191,WILLIAMPORT PA,"WILLIAMPORT, PA","<[OK] Google - Geocode [Williamsport, PA, USA]>","[41.2411897, -77.00107860000001]"
192,PITTSBURGH-PA,"PITTSBURGH, PA","<[OK] Google - Geocode [Pittsburgh, PA, USA]>","[40.44062479999999, -79.9958864]"
193,HOBOKEN,"HOBOKEN, NJ","<[OK] Google - Geocode [Hoboken, NJ, USA]>","[40.7439905, -74.0323626]"
194,GALLIPOLIS PA,"GALLIPOLIS, PA","<[OK] Google - Geocode [100 Jackson Pike, Gallipolis, OH 45631, USA]>","[38.8467618, -82.23776579999999]"
195,DELANO CA,"DELANO, CA","<[OK] Google - Geocode [Delano, CA, USA]>","[35.7688425, -119.2470536]"
196,TAMPA FL,"TAMPA, FL","<[OK] Google - Geocode [Tampa, FL, USA]>","[27.950575, -82.4571776]"
197,NICOSIA,NICOSIA,"<[OK] Google - Geocode [Nicosia, Cyprus]>","[35.1855659, 33.38227639999999]"
198,ILLINOIS,ILLINOIS,"<[OK] Google - Geocode [Illinois, USA]>","[40.6331249, -89.3985283]"
199,HILLSVILLE,HILLSVILLE,"<[OK] Google - Geocode [Hillsville, VA 24343, USA]>","[36.7626282, -80.7347947]"
200,PLAQUEMINES,PLAQUEMINES,"<[OK] Google - Geocode [Plaquemines Parish, LA, USA]>","[29.3240045, -89.4742177]"
201,MONTANA,MONTANA,"<[OK] Google - Geocode [Montana, USA]>","[46.8796822, -110.3625658]"
202,DELANGEY-PA,"DELANGEY, PA","<[OK] Google - Geocode [626 Water St, Indiana, PA 15701, USA]>","[40.62397, -79.151552]"
203,NOUSTANA,NOUSTANA,<[ZERO_RESULTS] Google - Geocode [empty]>,
204,ELMIRA,"ELMIRA, NY","<[OK] Google - Geocode [Elmira, NY, USA]>","[42.0897965, -76.8077338]"
205,IOHUNSTOWN,IOHUNSTOWN,"<[OK] Google - Geocode [Johnstown, PA, USA]>","[40.32674069999999, -78.9219698]"
206,ELMIRA-NY,"ELMIRA, NY","<[OK] Google - Geocode [Elmira, NY, USA]>","[42.0897965, -76.8077338]"
207,DUMBAR,DUMBAR,<[OK] Google - Geocode #2 results>,"[37.69998, -97.32250769999999]"
208,NEW-LONDON,NEW LONDON,"<[OK] Google - Geocode [New London, CT, USA]>","[41.3556539, -72.0995209]"
209,WESTERLY-RI,"WESTERLY, RI","<[OK] Google - Geocode [Westerly, RI, USA]>","[41.3775987, -71.82728709999999]"
210,SAN JOSE - CA,"SAN JOSE, CA","<[OK] Google - Geocode [San Jose, CA, USA]>","[37.3382082, -121.8863286]"
211,LOS ANGELES,"LOS ANGELES, CA","<[OK] Google - Geocode [Los Angeles, CA, USA]>","[34.0522342, -118.2436849]"
212,S LOUIS MO,"ST. LOUIS, MO","<[OK] Google - Geocode [St. Louis, MO, USA]>","[38.6270025, -90.19940419999999]"
213,S.LOUIS MO,"ST. LOUIS, MO","<[OK] Google - Geocode [St. Louis, MO, USA]>","[38.6270025, -90.19940419999999]"
214,S LOUIS,"ST. LOUIS, MO","<[OK] Google - Geocode [St. Louis, MO, USA]>","[38.6270025, -90.19940419999999]"
215,ST LOUIS MO,"ST. LOUIS, MO","<[OK] Google - Geocode [St. Louis, MO, USA]>","[38.6270025, -90.19940419999999]"
216,NAUSTAN-DIED,NAUSTAN-DIED,<[ZERO_RESULTS] Google - Geocode [empty]>,
217,PATERSON,PATERSON,"<[OK] Google - Geocode [Paterson, NJ, USA]>","[40.9167654, -74.17181099999999]"
218,NORRISTON PA,"NORRISTON, PA","<[OK] Google - Geocode [Norristown, PA, USA]>","[40.121497, -75.3399048]"
219,NORRISTOPWN-PA,"NORRISTON, PA","<[OK] Google - Geocode [Norristown, PA, USA]>","[40.121497, -75.3399048]"
220,NAUSTAN,NAUSTAN,remove,
221,WILMINGTON,WILMINGTON,,
222,GALVESTON,GALVESTON,"<[OK] Google - Geocode [Galveston, TX, USA]>","[29.3013479, -94.7976958]"
223,NJ,NJ,"<[OK] Google - Geocode [New Jersey, USA]>","[40.0583238, -74.4056612]"
224,BRIDGEPORT,"BRIDGEPORT, CT","<[OK] Google - Geocode [Bridgeport, CT, USA]>","[41.1792258, -73.1894384]"
225,BRIDGEPORT CT,"BRIDGEPORT, CT","<[OK] Google - Geocode [Bridgeport, CT, USA]>","[41.1792258, -73.1894384]"
226,MILWAUKEE,"MILWAUKEE, WI","<[OK] Google - Geocode [Milwaukee, WI, USA]>","[43.0389025, -87.9064736]"
227,MILFORD MA,"MILFORD, MA","<[OK] Google - Geocode [Milford, MA, USA]>","[42.1398577, -71.5163049]"
228,NICORRI--,NICORRI--,,
229,CHARLEROI,CHARLEROI,"<[OK] Google - Geocode [Charleroi, PA 15022, USA]>","[40.1378499, -79.89810349999999]"
230,HOUSTON,"HOUSTON, TX","<[OK] Google - Geocode [Houston, TX, USA]>","[29.7604267, -95.3698028]"
231,NEW YOK,NEW YORK,"<[OK] Google - Geocode [New York, NY, USA]>","[40.7127753, -74.0059728]"
232,JOHNGSTON,JOHNGSTON,,
233,ATLANTA GA,"ATLANTA, GA","<[OK] Google - Geocode [Atlanta, GA, USA]>","[33.7489954, -84.3879824]"
234,0,0,,
235,MILFORD MAS,"MILFORD, MA","<[OK] Google - Geocode [Milford, MA, USA]>","[42.1398577, -71.5163049]"
236,GREENSBURG-PA,"GREENSBURG, PA","<[OK] Google - Geocode [Greensburg, PA 15601, USA]>","[40.3014581, -79.5389289]"
237,WALSTON,WALSTON,"<[OK] Google - Geocode [Walston, PA 15781, USA]>","[40.9650644, -78.9947562]"
238,PITTSBURG-PA,"PITTSBURG, PA","<[OK] Google - Geocode [Pittsburgh, PA, USA]>","[40.44062479999999, -79.9958864]"
239,MIAMISBURG-OH,"MIAMISBURG, OH","<[OK] Google - Geocode [Miamisburg, OH, USA]>","[39.6428362, -84.2866083]"
240,JOHNSTON,JOHNSTON,,
241,YOUNGSTOWN,"YOUNGSTOWN, OH","<[OK] Google - Geocode [Youngstown, OH, USA]>","[41.0997803, -80.6495194]"
242,HILLSVILLE PA,"HILLSVILLE, PA","<[OK] Google - Geocode [Hillsville, PA 16116, USA]>","[41.0078378, -80.4967353]"
243,LANDVILLE OHIO,"LANDVILLE, OH","<[OK] Google - Geocode [Landville, WV 25635, USA]>","[37.7123299, -81.8673407]"
244,MASSACHUSETTS,MASSACHUSETTS,"<[OK] Google - Geocode [Massachusetts, USA]>","[42.4072107, -71.3824374]"
245,PATERSON PA,"PATERSON, PA","<[OK] Google - Geocode [545 Main St, Paterson, NJ 07503, USA]>","[40.9071188, -74.17007629999999]"
246,WHITE PLAINS NY,"WHITE PLAINS, NY","<[OK] Google - Geocode [White Plains, NY, USA]>","[41.03398620000001, -73.7629097]"
247,WALSTON PA.,"WALSTON, PA","<[OK] Google - Geocode [Walston, PA 15781, USA]>","[40.9650644, -78.9947562]"
248,SAN JOSE CA,"SAN JOSE, CA","<[OK] Google - Geocode [San Jose, CA, USA]>","[37.3382082, -121.8863286]"
249,WASINGTON DC,"WASINGTON, DC","<[OK] Google - Geocode [Washington, DC, USA]>","[38.9071923, -77.0368707]"
250,EMILTON-PA,"EMILTON, PA","<[OK] Google - Geocode [Emlenton, PA 16373, USA]>","[41.1772836, -79.7078274]"
251,HARTFORD,"HARTFORD, CT","<[OK] Google - Geocode [Hartford, CT, USA]>","[41.7658043, -72.6733723]"
252,ELIZABETH-NJ,"ELIZABETH, NJ","<[OK] Google - Geocode [Elizabeth, NJ, USA]>","[40.6639916, -74.2107006]"
253,DELANGER PA,"DELANGER, PA",,
254,JOHNSTOWN PA,"JOHNSTOWN, PA","<[OK] Google - Geocode [Johnstown, PA, USA]>","[40.32674069999999, -78.9219698]"
255,JONGSTON,JONGSTON,,
256,SOLDIER-PA,"SOLDIER, PA","<[OK] Google - Geocode [Soldier, Winslow Township, PA 15851, USA]>","[41.0625625, -78.8439207]"
257,DELAMER-PA,"DELAMER, PA",,
258,SELSVILLE PA,"SELSVILLE, PA","<[OK] Google - Geocode [Sellersville, PA 18960, USA]>","[40.3539926, -75.3048982]"
259,OSWEGO NY,"OSWEGO, NY","<[OK] Google - Geocode [Oswego, NY, USA]>","[43.4553461, -76.5104973]"
260,CARLERON MAS,"CARLERON, MA",,
261,FRISCO-CA,"FRISCO, CA","<[OK] Google - Geocode [San Francisco, CA, USA]>","[37.7749295, -122.4194155]"
262,PITTSBURGH PA.,"PITTSBURGH, PA","<[OK] Google - Geocode [Pittsburgh, PA, USA]>","[40.44062479999999, -79.9958864]"
263,TRINIDAD,TRINIDAD,,
264,MIDLETOWN,MIDLETOWN,"<[OK] Google - Geocode [Middletown, NY 10940, USA]>","[41.4459271, -74.42293409999999]"
265,HOMOSTEAD PA,"HOMOSTEAD, PA","<[OK] Google - Geocode [Homestead, PA 15120, USA]>","[40.4059025, -79.9119948]"
266,S.FRANCISCO,"SAN FRANCISCO, CA","<[OK] Google - Geocode [San Francisco, CA, USA]>","[37.7749295, -122.4194155]"
267,ALTONA PA,"ALTONA, PA","<[OK] Google - Geocode [Altoona, PA, USA]>","[40.5186809, -78.3947359]"
268,DUNKIRK,DUNKIRK,,
269,NEWPORT,NEWPORT,,
270,WESTERLY,WESTERLY,"<[OK] Google - Geocode [Westerly, RI, USA]>","[41.3775987, -71.82728709999999]"
271,WESTERLY RI,"WESTERLY, RI","<[OK] Google - Geocode [Westerly, RI, USA]>","[41.3775987, -71.82728709999999]"
272,DENVER CO,"DENVER, CO","<[OK] Google - Geocode [Denver, CO, USA]>","[39.7392358, -104.990251]"
273,VINELAND,VINELAND,"<[OK] Google - Geocode [Vineland, NJ, USA]>","[39.4863773, -75.02596369999999]"
274,HABOKEN NJ,"HABOKEN, NJ","<[OK] Google - Geocode [Hoboken, NJ, USA]>","[40.7439905, -74.0323626]"
275,GENEVA-NY,"GENEVA, NY","<[OK] Google - Geocode [Geneva, NY 14456, USA]>","[42.8679836, -76.985557]"
276,BRAN,BRAN,,
277,BAYON,BAYON,,
278,NEW YORK CITY,"NEW YORK, NY","<[OK] Google - Geocode [New York, NY, USA]>","[40.7127753, -74.0059728]"
279,NEW-OLEANS,"NEW ORLEANS, LA","<[OK] Google - Geocode [New Orleans, LA, USA]>","[29.95106579999999, -90.0715323]"
280,WEST-HOBOKEN,"WEST HOBOKEN, NJ","<[OK] Google - Geocode [Hoboken, NJ, USA]>","[40.7439905, -74.0323626]"
281,SAINT LOUIS MN,SAINT LOUIS MN,,
282,TOLUCA IL,"TOLUCA, IL","<[OK] Google - Geocode [Toluca, IL 61369, USA]>","[41.0022556, -89.133416]"
283,JERSEY,JERSEY,,
284,MILWAKEE WI,"MILWAKEE, WI","<[OK] Google - Geocode [Milwaukee, WI, USA]>","[43.0389025, -87.9064736]"
285,SYRACUSE-NY,"SYRACUSE, NY","<[OK] Google - Geocode [Syracuse, NY, USA]>","[43.0481221, -76.14742439999999]"
286,ALBANY,"ALBANY, NY","<[OK] Google - Geocode [Albany, NY, USA]>","[42.6525793, -73.7562317]"
287,DE LANG PA,"DE LANG, PA",,
288,BOSCHIRE,BOSCHIRE,,
289,HARTFORT,HARTFORT,"<[OK] Google - Geocode [Hartford, CT, USA]>","[41.7658043, -72.6733723]"
290,OBOCK,OBOCK,,
291,BOSTON MAS,"BOSTON, MA","<[OK] Google - Geocode [Boston, MA, USA]>","[42.3600825, -71.0588801]"
292,NEWPORT VA,"NEWPORT, VA","<[OK] Google - Geocode [Newport, VA 24128, USA]>","[37.29429349999999, -80.49533339999999]"
293,PROVIDENCE PA,"PROVIDENCE, PA","<[OK] Google - Geocode [Providence Township, PA, USA]>","[39.90250839999999, -76.23632479999999]"
294,NEGAUNEE MI,"NEGAUNEE, MI","<[OK] Google - Geocode [Negaunee, MI 49866, USA]>","[46.5090928, -87.60687209999999]"
295,PINXTENN,PINXTENN,,
296,S JOSE COL,S JOSE COL,,
297,MIDDLETON,MIDDLETON,,
298,UTICA NY,"UTICA, NY","<[OK] Google - Geocode [Utica, NY, USA]>","[43.100903, -75.232664]"
299,PUEBLO COL,"PUEBLO, CO","<[OK] Google - Geocode [Pueblo, CO, USA]>","[38.2544472, -104.6091409]"
300,JERSEY-NY,"JERSEY, NY",,
301,SYRACUSA NY,"SYRACUSE, NY","<[OK] Google - Geocode [Syracuse, NY, USA]>","[43.0481221, -76.14742439999999]"
302,GLASSGOW NY,"GLASSGOW, NY",,
303,NESQUEHANING PA,"NESQUEHANING, PA","<[OK] Google - Geocode [Nesquehoning, PA, USA]>","[40.864534, -75.81102770000001]"
304,FREDONIA,FREDONIA,"<[OK] Google - Geocode [Fredonia, NY 14063, USA]>","[42.4400576, -79.3317105]"
305,NEW LONDON,NEW LONDON,"<[OK] Google - Geocode [New London, CT, USA]>","[41.3556539, -72.0995209]"
306,DASTON OH,"DASTON, OH","<[OK] Google - Geocode [Dayton, OH, USA]>","[39.7589478, -84.1916069]"
307,NEW HARVEN CT,"NEW HARVEN, CT","<[OK] Google - Geocode [New Haven, CT, USA]>","[41.308274, -72.9278835]"
308,UTICA,UTICA,"<[OK] Google - Geocode [Utica, NY, USA]>","[43.100903, -75.232664]"
309,JOHNSTOWN-PA,"JOHNSTOWN, PA","<[OK] Google - Geocode [Johnstown, PA, USA]>","[40.32674069999999, -78.9219698]"
310,"SUSPENSION BRIDGE,NY","SUSPENSION BRIDGE, NY",,
311,MCKEESPORT,MCKEESPORT,"<[OK] Google - Geocode [McKeesport, PA, USA]>","[40.3470671, -79.8641232]"
312,ST JOSE-CA,"SAN JOSE, CA","<[OK] Google - Geocode [San Jose, CA, USA]>","[37.3382082, -121.8863286]"
313,ST.JOSE-CA,"SAN JOSE, CA","<[OK] Google - Geocode [San Jose, CA, USA]>","[37.3382082, -121.8863286]"
314,NY,NY,"<[OK] Google - Geocode [New York, NY, USA]>","[40.7127753, -74.0059728]"
315,WAYNESBURG,WAYNESBURG,"<[OK] Google - Geocode [Waynesburg, PA 15370, USA]>","[39.8964641, -80.1792299]"
316,CALDWEL NY,"CALDWEL, NY","<[OK] Google - Geocode [Caldwell, NJ 07006, USA]>","[40.8398218, -74.2765366]"
317,GENOA,GENOA,,
318,COSSATO,COSSATO,,
319,HAZELTON PA,"HAZELTON, PA","<[OK] Google - Geocode [Hazleton, PA, USA]>","[40.9584181, -75.97464719999999]"
320,ONDEMICO,ONDEMICO,,
321,UTTICA,UTTICA,"<[OK] Google - Geocode [Utica, NY, USA]>","[43.100903, -75.232664]"
322,ALLEGHENY,ALLEGHENY,"<[OK] Google - Geocode [Allegheny County, PA, USA]>","[40.4450813, -80.0087746]"
323,TAMPA-FL,"TAMPA, FL","<[OK] Google - Geocode [Tampa, FL, USA]>","[27.950575, -82.4571776]"
324,NEW HAVEN,"NEW HAVEN, CT","<[OK] Google - Geocode [New Haven, CT, USA]>","[41.308274, -72.9278835]"
325,MORRISTOWN,MORRISTOWN,"<[OK] Google - Geocode [Morristown, NJ 07960, USA]>","[40.79676670000001, -74.4815438]"
326,BROOKLN N,BROOKLN N,"<[OK] Google - Geocode [Brooklyn, NY, USA]>","[40.6781784, -73.9441579]"
327,RALSTON NE,"RALSTON, NE","<[OK] Google - Geocode [Ralston, NE 68127, USA]>","[41.2002566, -96.031987]"
328,SAGUANO,SAGUANO,,
329,CLEVELAND OH,"CLEVELAND, OH","<[OK] Google - Geocode [Cleveland, OH, USA]>","[41.49932, -81.6943605]"
330,"BUFFALO, NY","BUFFALO, NY","<[OK] Google - Geocode [Buffalo, NY, USA]>","[42.88644679999999, -78.8783689]"
331,NORFOLK VA.,"NORFOLK, VA","<[OK] Google - Geocode [Norfolk, VA, USA]>","[36.8507689, -76.28587259999999]"
332,HESTER-PA,"HESTER, PA",,
333,GALVESTON TX,"GALVESTON, TX","<[OK] Google - Geocode [Galveston, TX, USA]>","[29.3013479, -94.7976958]"
334,LUZERNE PA,"LUZERNE, PA","<[OK] Google - Geocode [Luzerne, PA, USA]>","[41.2856365, -75.9010304]"
335,SOLDIER PA,"SOLDIER, PA","<[OK] Google - Geocode [Soldier, Winslow Township, PA 15851, USA]>","[41.0625625, -78.8439207]"
336,MOUNT MORRIS IL,"MOUNT MORRIS, IL","<[OK] Google - Geocode [Mt Morris, IL 61054, USA]>","[42.0503062, -89.43122009999999]"
337,BRYON-TX,"BRYON, TX","<[OK] Google - Geocode [Bryan, TX, USA]>","[30.6743643, -96.3699632]"
338,WHITNE PA,WHITNE PA,"<[OK] Google - Geocode [Whitney, PA 15650, USA]>","[40.2544426, -79.4100838]"
339,CHARLESTOWN,CHARLESTOWN,"<[OK] Google - Geocode [Charlestown, Boston, MA, USA]>","[42.3782065, -71.0602131]"
340,CONNECTICUT,CONNECTICUT,"<[OK] Google - Geocode [Connecticut, USA]>","[41.6032207, -73.087749]"
341,ARON-N,ARON-N,,
342,CHARLESON PA,"CHARLESON, PA","<[OK] Google - Geocode [Charleston Township, PA, USA]>","[41.7376007, -77.2175223]"
343,NEW-YORTK,NEW YORK,"<[OK] Google - Geocode [New York, NY, USA]>","[40.7127753, -74.0059728]"
344,SUSPENSION NY,"SUSPENSION, NY","<[OK] Google - Geocode [867 Edgewater Rd, Bronx, NY 10474, USA]>","[40.8190397, -73.8844482]"
345,HARDFORT CT,"HARDFORT, CT","<[OK] Google - Geocode [Hartford, CT, USA]>","[41.7658043, -72.6733723]"
346,PATERSON NJ,"PATERSON, NJ","<[OK] Google - Geocode [Paterson, NJ, USA]>","[40.9167654, -74.17181099999999]"
347,MURPHYSBORO ILL.,"MURPHYSBORO, IL","<[OK] Google - Geocode [Murphysboro, IL 62966, USA]>","[37.7644952, -89.3350888]"
348,NORRISTON,NORRISTON,"<[OK] Google - Geocode [Norristown, PA, USA]>","[40.121497, -75.3399048]"
349,NESQUEHONING PA,"NESQUEHONING, PA","<[OK] Google - Geocode [Nesquehoning, PA, USA]>","[40.864534, -75.81102770000001]"
350,TRINIDAD CA.,"TRINIDAD, CA","<[OK] Google - Geocode [Trinidad, CA 95570, USA]>","[41.05929099999999, -124.1431246]"
351,PUEBLO COL.,"PUEBLO, CO","<[OK] Google - Geocode [Pueblo, CO, USA]>","[38.2544472, -104.6091409]"
352,YONIGSTOWN OH,"YONIGSTOWN, OH","<[OK] Google - Geocode [Youngstown, OH, USA]>","[41.0997803, -80.6495194]"
353,BROKLYN,"BROOKLYN, NY","<[OK] Google - Geocode [Brooklyn, NY, USA]>","[40.6781784, -73.9441579]"
354,"VILLERSVILLE,IL","VILLERSVILLE, IL",,
355,CALIFORNIA CA,CALIFORNIA,"<[OK] Google - Geocode [California, USA]>","[36.778261, -119.4179324]"
356,SHARON-PA,"SHARON, PA","<[OK] Google - Geocode [Sharon, PA, USA]>","[41.2331116, -80.4934035]"
357,ST LOUIS,"ST LOUIS, MO","<[OK] Google - Geocode [St. Louis, MO, USA]>","[38.6270025, -90.19940419999999]"
358,ELISABETH,ELISABETH,,
359,MOUNT VERNON NY,"MOUNT VERNON, NY","<[OK] Google - Geocode [Mt Vernon, NY, USA]>","[40.9125992, -73.8370786]"
360,CANADA,CANADA,<[OK] Google - Geocode [Canada]>,"[56.130366, -106.346771]"
361,MA,MA,"<[OK] Google - Geocode [Massachusetts, USA]>","[42.4072107, -71.3824374]"
362,NIAGARA-FALLS,NIAGARA FALLS,"<[OK] Google - Geocode [Niagara Falls, NY, USA]>","[43.0962143, -79.0377388]"
363,CONDERSPORT PA,"CONDERSPORT, PA","<[OK] Google - Geocode [Coudersport, PA 16915, USA]>","[41.7747878, -78.02056019999999]"
364,OSWEGO-NY,"OSWEGO, NY","<[OK] Google - Geocode [Oswego, NY, USA]>","[43.4553461, -76.5104973]"
365,NEW YORK-DIED,NEW YORK,"<[OK] Google - Geocode [New York, NY, USA]>","[40.7127753, -74.0059728]"
366,LAWRENCE MA,"LAWRENCE, MA","<[OK] Google - Geocode [Lawrence, MA, USA]>","[42.7070354, -71.1631137]"
367,SAINT LOUIS MI,"SAINT LOUIS, MI","<[OK] Google - Geocode [St. Louis, MI, USA]>","[43.4083637, -84.6066704]"
368,MARIAN IL,"MARIAN, IL","<[OK] Google - Geocode [Marion, IL, USA]>","[37.7306054, -88.9331256]"
369,PORTLAND ME,"PORTLAND, ME","<[OK] Google - Geocode [Portland, ME, USA]>","[43.6590993, -70.2568189]"
370,LOUISVILLE K,"LOUISVILLE, KY","<[OK] Google - Geocode [Louisville, KY, USA]>","[38.2526647, -85.7584557]"
371,MOUNT-VERNON,MOUNT VERNON,"<[OK] Google - Geocode [3200 Mount Vernon Hwy, Mt Vernon, VA 22121, USA]>","[38.707982, -77.0861753]"
372,MADISON,MADISON,"<[OK] Google - Geocode [Madison, WI, USA]>","[43.0730517, -89.4012302]"
373,HAMONTON,HAMONTON,"<[OK] Google - Geocode [Hammonton, NJ, USA]>","[39.6365056, -74.8023853]"
374,NEW ORNEANS LA,"NEW ORLEANS, LA","<[OK] Google - Geocode [New Orleans, LA, USA]>","[29.95106579999999, -90.0715323]"
375,NORRISTOWN-PA,"NORRISTOWN, PA","<[OK] Google - Geocode [Norristown, PA, USA]>","[40.121497, -75.3399048]"
376,CO,CO,,
377,WILLIAMSBURG-PA,"WILLIAMSBURG, PA","<[OK] Google - Geocode [Williamsburg, PA 16693, USA]>","[40.4620172, -78.19973200000001]"
378,NEW-ORLEANS-PA,"NEW ORLEANS, PA",,
379,LYNN-MA,"LYNN, MA","<[OK] Google - Geocode [Lynn, MA, USA]>","[42.46676300000001, -70.9494938]"
380,PORT ALLEGANY PA.,"PORT ALLEGANY, PA","<[OK] Google - Geocode [Port Allegany, PA 16743, USA]>","[41.81089799999999, -78.27973519999999]"
381,NIAGARA FALLS,NIAGARA FALLS,"<[OK] Google - Geocode [Niagara Falls, NY, USA]>","[43.0962143, -79.0377388]"
382,TROIA NY,"TROIA, NY",,
383,KANSAS CITY MO,"KANSAS CITY, MO","<[OK] Google - Geocode [Kansas City, MO, USA]>","[39.0997265, -94.5785667]"
384,MURPHYSBORO,MURPHYSBORO,"<[OK] Google - Geocode [Murphysboro, IL 62966, USA]>","[37.7644952, -89.3350888]"
385,HAZLETON,HAZLETON,"<[OK] Google - Geocode [Hazleton, PA, USA]>","[40.9584181, -75.97464719999999]"
386,CA,CA,"<[OK] Google - Geocode [California, USA]>","[36.778261, -119.4179324]"
387,S.FRANCISCO-CA,"SAN FRANCISCO, CA","<[OK] Google - Geocode [San Francisco, CA, USA]>","[37.7749295, -122.4194155]"
388,SANFRANCISCO,"SAN FRANCISCO, CA","<[OK] Google - Geocode [San Francisco, CA, USA]>","[37.7749295, -122.4194155]"
389,W CLEVELAND PA,"W CLEVELAND, PA",,
390,NE YORK,NEW YORK,"<[OK] Google - Geocode [New York, NY, USA]>","[40.7127753, -74.0059728]"
391,MILWAUKEE WI,"MILWAUKEE, WI","<[OK] Google - Geocode [Milwaukee, WI, USA]>","[43.0389025, -87.9064736]"
392,GERASCO,GERASCO,,
393,WINNIPEG CAN,"WINNIPEG, CAN","<[OK] Google - Geocode [Winnipeg, MB, Canada]>","[49.895136, -97.13837439999999]"
394,BEAUMONT TX,"BEAUMONT, TX","<[OK] Google - Geocode [Beaumont, TX, USA]>","[30.080174, -94.1265562]"
395,CAMDEN,"CAMDEN, NJ","<[OK] Google - Geocode [Camden, NJ, USA]>","[39.9259463, -75.1196199]"
396,MC-KEESPORT PA,MC-KEESPORT PA,"<[OK] Google - Geocode [McKeesport, PA, USA]>","[40.3470671, -79.8641232]"
397,MONT MORIS NY,"MONT MORIS, NY","<[OK] Google - Geocode [Mt Morris, NY 14510, USA]>","[42.72561839999999, -77.8741694]"
398,PRINCE TOWN PA,"PRINCE TOWN, PA","<[OK] Google - Geocode [Price Township, PA, USA]>","[41.1300092, -75.2128996]"
399,BENRID COL,BENRID COL,,
400,DETROIT-MI,"DETROIT, MI","<[OK] Google - Geocode [Detroit, MI, USA]>","[42.331427, -83.0457538]"
401,MONTREAL,MONTREAL,"<[OK] Google - Geocode [Montreal, QC, Canada]>","[45.5016889, -73.567256]"
402,JOHUSTOWN,JOHUSTOWN,"<[OK] Google - Geocode [Johnstown, PA, USA]>","[40.32674069999999, -78.9219698]"
403,PATTERSON NJ.,"PATTERSON, NJ","<[OK] Google - Geocode [Paterson, NJ, USA]>","[40.9167654, -74.17181099999999]"
404,MASSANSON PA,"MASSANSON, PA",,
405,ROME-NY,"ROME, NY","<[OK] Google - Geocode [Rome, NY, USA]>","[43.2128473, -75.4557303]"
406,COLORADO CO,COLORADO,"<[OK] Google - Geocode [Colorado, USA]>","[39.5500507, -105.7820674]"
407,JOHUNGSTON,JOHUNGSTON,,
408,SAINT LOUIS,"SAINT LOUIS, MO","<[OK] Google - Geocode [St. Louis, MO, USA]>","[38.6270025, -90.19940419999999]"
409,PHILADEPHIA PA,"PHILADEPHIA, PA","<[OK] Google - Geocode [Philadelphia, PA, USA]>","[39.9525839, -75.1652215]"
410,WATERBURY,WATERBURY,"<[OK] Google - Geocode [Waterbury, CT, USA]>","[41.5581525, -73.0514965]"
411,MIDDLETOWN CT,"MIDDLETOWN, CT","<[OK] Google - Geocode [Middletown, CT, USA]>","[41.5623209, -72.6506488]"
412,MONROE P,MONROE P,"<[OK] Google - Geocode [Monroe, NY 10950, USA]>","[41.3306493, -74.1868135]"
413,PORTLAND OR,"PORTLAND, OR","<[OK] Google - Geocode [Portland, OR, USA]>","[45.5122308, -122.6587185]"
414,S. FELE,S. FELE,,
415,AVON-NY,"AVON, NY","<[OK] Google - Geocode [Avon, NY 14414, USA]>","[42.91200720000001, -77.7455583]"
416,NEW,NEW,"<[OK] Google - Geocode [New York, NY, USA]>","[40.7127753, -74.0059728]"
417,BREYON-TX,"BREYON, TX","<[OK] Google - Geocode [Texas, USA]>","[31.9685988, -99.9018131]"
418,BERVIND-CO,"BERVIND, CO",,
419,LACKAWANNA PA,"LACKAWANNA, PA","<[OK] Google - Geocode [Lackawanna County, PA, USA]>","[41.4421199, -75.5742467]"
420,IL,IL,"<[OK] Google - Geocode [Illinois, USA]>","[40.6331249, -89.3985283]"
421,NEW-YORKL,NEW YORK,"<[OK] Google - Geocode [New York, NY, USA]>","[40.7127753, -74.0059728]"
422,TRINIDAD COL,TRINIDAD COL,"<[OK] Google - Geocode [Trinidad, CO 81082, USA]>","[37.1694632, -104.5005407]"
423,NEW HAVEN CT,"NEW HAVEN, CT","<[OK] Google - Geocode [New Haven, CT, USA]>","[41.308274, -72.9278835]"
424,FRESNO CA,"FRESNO, CA","<[OK] Google - Geocode [Fresno, CA, USA]>","[36.7377981, -119.7871247]"
425,NE WYORK,NEW YORK,"<[OK] Google - Geocode [New York, NY, USA]>","[40.7127753, -74.0059728]"
426,CLINTON VT.,"CLINTON, VT",,
427,PINX--,PINX--,,
428,BROCOLY,BROCOLY,,
429,RALSTON,RALSTON,"<[OK] Google - Geocode [Ralston, NE 68127, USA]>","[41.2002566, -96.031987]"
430,HARRISBURG,HARRISBURG,"<[OK] Google - Geocode [Harrisburg, PA, USA]>","[40.2731911, -76.8867008]"
431,QUINCY-IL,"QUINCY, IL","<[OK] Google - Geocode [Quincy, IL, USA]>","[39.9356016, -91.4098726]"
432,CHARLESTON-PA,"CHARLESTON, PA","<[OK] Google - Geocode [Charleston Township, PA, USA]>","[41.7376007, -77.2175223]"
433,MILWAUKEE WI.,"MILWAUKEE, WI","<[OK] Google - Geocode [Milwaukee, WI, USA]>","[43.0389025, -87.9064736]"
434,"PITTSBURG, PA","PITTSBURG, PA","<[OK] Google - Geocode [Pittsburgh, PA, USA]>","[40.44062479999999, -79.9958864]"
435,COLUMBIA-TX,"COLUMBIA, TX","<[OK] Google - Geocode [West Columbia, TX 77486, USA]>","[29.1438582, -95.6452249]"
436,PLAQUENI,PLAQUENI,,
437,MONONGAHELA,MONONGAHELA,"<[OK] Google - Geocode [Monongahela, PA 15063, USA]>","[40.2031265, -79.92616029999999]"
438,MONROEVILLE,MONROEVILLE,"<[OK] Google - Geocode [Monroeville, PA, USA]>","[40.4211798, -79.7881024]"
439,REC-PORT,REC-PORT,,
440,BUFFALO MD,"BUFFALO, MD",,
441,TAMPA,"TAMPA, FL","<[OK] Google - Geocode [Tampa, FL, USA]>","[27.950575, -82.4571776]"
442,MALAGA N.M.,"MALAGA, NM","<[OK] Google - Geocode [Malaga, NM, USA]>","[32.2246101, -104.0715779]"
443,MICHIGAN,MICHIGAN,"<[OK] Google - Geocode [Michigan, USA]>","[44.3148443, -85.60236429999999]"
444,S LOUIS MI,S LOUIS MI,"<[OK] Google - Geocode [St. Louis, MI, USA]>","[43.4083637, -84.6066704]"
445,ST. LOUIS,"ST. LOUIS, MO","<[OK] Google - Geocode [St. Louis, MO, USA]>","[38.6270025, -90.19940419999999]"
446,MIDDLETON CN,MIDDLETON CN,"<[OK] Google - Geocode [Middletown, CT, USA]>","[41.5623209, -72.6506488]"
447,GINLENA,GINLENA,,
448,MOUNT VERNON,MOUNT VERNON,"<[OK] Google - Geocode [3200 Mount Vernon Hwy, Mt Vernon, VA 22121, USA]>","[38.707982, -77.0861753]"
449,AVON NY,"AVON, NY","<[OK] Google - Geocode [Avon, NY 14414, USA]>","[42.91200720000001, -77.7455583]"
450,LOWESVILLE OH,"LOWESVILLE, OH",,
451,ALBANY NY,"ALBANY, NY","<[OK] Google - Geocode [Albany, NY, USA]>","[42.6525793, -73.7562317]"
452,BUFALO NJ,"BUFALO, NJ","<[OK] Google - Geocode [Buffalo, NY, USA]>","[42.88644679999999, -78.8783689]"
453,LAKEVILLE MA,"LAKEVILLE, MA","<[OK] Google - Geocode [Lakeville, MA, USA]>","[41.8459169, -70.9495226]"
454,HAKLETON PA,"HAKLETON, PA","<[OK] Google - Geocode [Hazleton, PA, USA]>","[40.9584181, -75.97464719999999]"
455,C------,C------,,
456,GREAT FALLS MT,"GREAT FALLS, MT","<[OK] Google - Geocode [Great Falls, MT, USA]>","[47.5052849, -111.3007715]"
457,WISCONSIN,WISCONSIN,"<[OK] Google - Geocode [Wisconsin, USA]>","[43.7844397, -88.7878678]"
458,WALSON,WALSON,"<[OK] Google - Geocode [409 Montauk Hwy, West Islip, NY 11795, USA]>","[40.6970906, -73.3130366]"
459,LACHARLES,LACHARLES,,
460,NAPOLEONVILLE,NAPOLEONVILLE,"<[OK] Google - Geocode [Napoleonville, LA 70390, USA]>","[29.9382674, -91.0274993]"
461,RICHESTER,RICHESTER,"<[OK] Google - Geocode [Rochester, NY, USA]>","[43.15657789999999, -77.6088465]"
462,LANDENGSVILLE,LANDENGSVILLE,"<[OK] Google - Geocode [Landingville, PA, USA]>","[40.6262022, -76.1235511]"
463,MONANGAHELA-CITY,MONANGAHELA CITY,"<[OK] Google - Geocode [Monongahela, PA 15063, USA]>","[40.2031265, -79.92616029999999]"
464,CACSAS-C,CACSAS-C,,
465,SAN-JOSEPH-CA,"SAN JOSEPH, CA","<[OK] Google - Geocode [San Jose, CA, USA]>","[37.3382082, -121.8863286]"
466,ONTARIO,ONTARIO,"<[OK] Google - Geocode [Ontario, Canada]>","[51.253775, -85.323214]"
467,GUTTENBERG NJ,"GUTTENBERG, NJ","<[OK] Google - Geocode [Guttenberg, NJ 07093, USA]>","[40.7920454, -74.0037505]"
468,COUZVILLI,COUZVILLI,,
469,WILLIAMSPORT-PA,"WILLIAMSPORT, PA","<[OK] Google - Geocode [Williamsport, PA, USA]>","[41.2411897, -77.00107860000001]"
470,ASTORIA,ASTORIA,"<[OK] Google - Geocode [Astoria, OR 97103, USA]>","[46.1878841, -123.8312534]"
471,ASTOTIA-RI,"ASTOTIA, RI",,
472,ONTARIO-CANADA,"ONTARIO, CANADA","<[OK] Google - Geocode [Ontario, Canada]>","[51.253775, -85.323214]"
473,MARYLND,MARYLND,"<[OK] Google - Geocode [Maryland, USA]>","[39.0457549, -76.64127119999999]"
474,GALVESTON-MA,"GALVESTON, MA","<[OK] Google - Geocode [2121 Market St Suite 201, Galveston, TX 77550, USA]>","[29.3055853, -94.7921799]"
475,ELISABETH-NY,"ELISABETH, NY","<[OK] Google - Geocode [644 10th Ave, New York, NY 10036, USA]>","[40.7617793, -73.9936081]"
476,ORANGE,ORANGE,,
477,GREENSBURG,GREENSBURG,"<[OK] Google - Geocode [Greensburg, PA 15601, USA]>","[40.3014581, -79.5389289]"
478,JOHUNSTOWN-PA,"JOHUNSTOWN, PA","<[OK] Google - Geocode [Johnstown, PA, USA]>","[40.32674069999999, -78.9219698]"
479,MINIASBURG-OH,"MINIASBURG, OH","<[OK] Google - Geocode [Miamisburg, OH, USA]>","[39.6428362, -84.2866083]"
480,GENESCO,GENESCO,,
481,BRYANT-TX,"BRYANT, TX","<[OK] Google - Geocode [Bryan, TX, USA]>","[30.6743643, -96.3699632]"
482,TORONTO,TORONTO,"<[OK] Google - Geocode [Toronto, ON, Canada]>","[43.653226, -79.3831843]"
483,JOUDSTON,JOUDSTON,,
484,OTTAWA,OTTAWA,"<[OK] Google - Geocode [Ottawa, ON, Canada]>","[45.4215296, -75.69719309999999]"
485,BRAYON-TX,"BRAYON, TX","<[OK] Google - Geocode [Bryan, TX, USA]>","[30.6743643, -96.3699632]"
486,NEW-JERSEY-MA,"NEW JERSEY, MA","<[OK] Google - Geocode [New Jersey, USA]>","[40.0583238, -74.4056612]"
487,MONTECLAIR,MONTECLAIR,"<[OK] Google - Geocode [Montclair, NJ, USA]>","[40.8259007, -74.2090053]"
488,NAPOLEONVILLA,NAPOLEONVILLA,,
489,DAYTON-OH,"DAYTON, OH","<[OK] Google - Geocode [Dayton, OH, USA]>","[39.7589478, -84.1916069]"
490,FORESVILLE,FORESVILLE,"<[OK] Google - Geocode [Forestville, CA 95436, USA]>","[38.4735237, -122.8902721]"
491,JOHUNSTOWN,JOHUNSTOWN,"<[OK] Google - Geocode [Johnstown, PA, USA]>","[40.32674069999999, -78.9219698]"
492,PENSACOLA,"PENSACOLA, FL","<[OK] Google - Geocode [Pensacola, FL, USA]>","[30.42130899999999, -87.2169149]"
493,NE WYORK CITY,NEW YORK CITY,"<[OK] Google - Geocode [New York, NY, USA]>","[40.7127753, -74.0059728]"
494,SAN ANTONIO TX,"SAN ANTONIO, TX","<[OK] Google - Geocode [San Antonio, TX, USA]>","[29.4241219, -98.49362819999999]"
495,"BOSTON, MA.","BOSTON, MA","<[OK] Google - Geocode [Boston, MA, USA]>","[42.3600825, -71.0588801]"
496,NEW OREANS,"NEW ORLEANS, LA","<[OK] Google - Geocode [New Orleans, LA, USA]>","[29.95106579999999, -90.0715323]"
497,BRANT,BRANT,,
498,MONTE MAGGIA,MONTE MAGGIA,,
499,OLD-POINT,OLD-POINT,"<[OK] Google - Geocode [101 E Queen St, Hampton, VA 23669, USA]>","[37.025954, -76.3426949]"
500,PITTSTON PA.,PITTSTON PA.,"<[OK] Google - Geocode [Pittston, PA, USA]>","[41.3259134, -75.78936039999999]"
501,NEW ORLEAN,"NEW ORLEANS, LA","<[OK] Google - Geocode [New Orleans, LA, USA]>","[29.95106579999999, -90.0715323]"
502,BOSTOPN,"BOSTON, MA","<[OK] Google - Geocode [Boston, MA, USA]>","[42.3600825, -71.0588801]"
503,CHARLESTON-MA,"CHARLESTON, MA","<[OK] Google - Geocode [Charlestown, Boston, MA, USA]>","[42.3782065, -71.0602131]"
504,NORWICH,NORWICH,,
505,NEW-YOPRK,NEW YORK,"<[OK] Google - Geocode [New York, NY, USA]>","[40.7127753, -74.0059728]"
506,OSURGA NY,"OSURGA, NY",,
507,JOHSTOWN-PA,"JOHSTOWN, PA","<[OK] Google - Geocode [Johnstown, PA, USA]>","[40.32674069999999, -78.9219698]"
508,DELANGER,DELANGER,,
509,WATERBURG,WATERBURG,,
510,NEW JERSEY,NEW JERSEY,"<[OK] Google - Geocode [New Jersey, USA]>","[40.0583238, -74.4056612]"
511,NORRISTON-PA,"NORRISTON, PA","<[OK] Google - Geocode [Norristown, PA, USA]>","[40.121497, -75.3399048]"
512,AUSTIN-TX,"AUSTIN, TX","<[OK] Google - Geocode [Austin, TX, USA]>","[30.267153, -97.7430608]"
513,WAVERLY NY,"WAVERLY, NY","<[OK] Google - Geocode [Waverly, NY 14892, USA]>","[42.0103519, -76.5271659]"
514,MC KRESP,MC KRESP,,
515,JOUNGSTON,JOUNGSTON,,
516,YOUNGSTON,YOUNGSTON,,
517,KINGSTON,KINGSTON,"<[OK] Google - Geocode [Kingston, ON, Canada]>","[44.2311717, -76.4859544]"
518,HESTER,HESTER,,
519,RENOLDSVILLE-PA,"RENOLDSVILLE, PA","<[OK] Google - Geocode [Reynoldsville, PA 15851, USA]>","[41.0970071, -78.8886436]"
520,ELEONOR PA,"ELEANOR, PA","<[OK] Google - Geocode [185 Walton Dr, Morrisville, PA 19067, USA]>","[40.2006537, -74.8265371]"
521,SAN FRANCISCO-CA,"SAN FRANCISCO, CA","<[OK] Google - Geocode [San Francisco, CA, USA]>","[37.7749295, -122.4194155]"
522,NEW-YOEK,NEW YORK,"<[OK] Google - Geocode [New York, NY, USA]>","[40.7127753, -74.0059728]"
523,UTICA-NY,"UTICA, NY","<[OK] Google - Geocode [Utica, NY, USA]>","[43.100903, -75.232664]"
524,PINE-BLUFF,PINE BLUFF,"<[OK] Google - Geocode [Pine Bluff, AR, USA]>","[34.2284312, -92.00319549999999]"
525,ALLEGHENY-PA,"ALLEGHENY, PA","<[OK] Google - Geocode [Allegheny County, PA, USA]>","[40.4450813, -80.0087746]"
526,VANNATON CONN,VANNATON CONN,,
527,MIDDELTOWN CT,"MIDDELTOWN, CT","<[OK] Google - Geocode [Middletown, CT, USA]>","[41.5623209, -72.6506488]"
528,PITTSTON PA,PITTSTON PA,"<[OK] Google - Geocode [Pittston, PA, USA]>","[41.3259134, -75.78936039999999]"
529,CINCINATI OH,"CINCINNATI, OH","<[OK] Google - Geocode [Cincinnati, OH, USA]>","[39.1031182, -84.5120196]"
530,REYNOLDSVILLE PA,"REYNOLDSVILLE, PA","<[OK] Google - Geocode [Reynoldsville, PA 15851, USA]>","[41.0970071, -78.8886436]"
531,IOLONSTOWN PA,"IOLONSTOWN, PA","<[OK] Google - Geocode [Johnstown, PA, USA]>","[40.32674069999999, -78.9219698]"
532,LA,LA,"<[OK] Google - Geocode [Los Angeles, CA, USA]>","[34.0522342, -118.2436849]"
533,BELLEROSE-PA,"BELLEROSE, PA",,
534,NORRISTOWN NJ,"NORRISTOWN, NJ","<[OK] Google - Geocode [228 W Main St, Norristown, PA 19401, USA]>","[40.1158593, -75.3484641]"
535,ROCKFORD IL,"ROCKFORD, IL","<[OK] Google - Geocode [Rockford, IL, USA]>","[42.2711311, -89.0939952]"
536,ALBAMA,ALABAMA,"<[OK] Google - Geocode [Alabama, USA]>","[32.3182314, -86.902298]"
537,DONALSO LA,"DONALSO, LA","<[OK] Google - Geocode [Donaldsonville, LA 70346, USA]>","[30.1010323, -90.9928773]"
538,VT,VT,,
539,OAKLAND CO,"OAKLAND, CO",,
540,HOBOKEN-NY,"HOBOKEN, NY","<[OK] Google - Geocode [Hoboken, NJ, USA]>","[40.7439905, -74.0323626]"
541,DON BOIS PA,"DON BOIS, PA","<[OK] Google - Geocode [700 South Brady Street, Du Bois, PA 15801, DuBois, PA 15801, United States]>","[41.1094024, -78.7714184]"
542,APOLLO-PA,"APOLLO, PA","<[OK] Google - Geocode [Apollo, PA 15613, USA]>","[40.5814546, -79.5664333]"
543,CALUMET MI,"CALUMET, MI","<[OK] Google - Geocode [Calumet, Calumet Twp, MI 49913, USA]>","[47.24659219999999, -88.45400599999999]"
544,MEKERSFORT,MEKERSFORT,,
545,IOENELLIS,IOENELLIS,,
546,NYW-YORK,NEW YORK,"<[OK] Google - Geocode [New York, NY, USA]>","[40.7127753, -74.0059728]"
547,AMSTERDAM-NJ,"AMSTERDAM, NJ","<[OK] Google - Geocode [Amsterdam, Milford, NJ 08848, USA]>","[40.5876009, -75.1585075]"
548,NORFOLK,NORFOLK,"<[OK] Google - Geocode [Norfolk, VA, USA]>","[36.8507689, -76.28587259999999]"
549,ARLINGTON IL,"ARLINGTON, IL","<[OK] Google - Geocode [Arlington, IL 61312, USA]>","[41.4736452, -89.24925309999999]"
550,SCOTTSDALE PA,"SCOTTSDALE, PA","<[OK] Google - Geocode [Scottdale, PA 15683, USA]>","[40.1003506, -79.5869834]"
551,CINCINNATI-OH,"CINCINNATI, OH","<[OK] Google - Geocode [Cincinnati, OH, USA]>","[39.1031182, -84.5120196]"
552,MADISON-PA,"MADISON, PA","<[OK] Google - Geocode [Madison, PA, USA]>","[40.2472924, -79.67726449999999]"
553,NEW LONDON CT,"NEW LONDON, CT","<[OK] Google - Geocode [New London, CT, USA]>","[41.3556539, -72.0995209]"
554,SILVER BROOK,SILVER BROOK,,
555,BESSEMER AL,"BESSEMER, AL","<[OK] Google - Geocode [Bessemer, AL, USA]>","[33.4017766, -86.954437]"
556,HOUSTON GA,"HOUSTON, GA","<[OK] Google - Geocode [Houston County, GA, USA]>","[32.4219655, -83.63484299999999]"
557,MONTON NJ,"MONTON, NJ",,
558,NORISTON-PA,"NORISTON, PA","<[OK] Google - Geocode [Norristown, PA, USA]>","[40.121497, -75.3399048]"
559,NORISTON,NORISTON,"<[OK] Google - Geocode [Norristown, PA, USA]>","[40.121497, -75.3399048]"
560,VALSTON PA,"VALSTON, PA","<[OK] Google - Geocode [Walston, PA 15781, USA]>","[40.9650644, -78.9947562]"
561,HILLSVILLE PA.,"HILLSVILLE, PA","<[OK] Google - Geocode [Hillsville, PA 16116, USA]>","[41.0078378, -80.4967353]"
562,LOWELLIVILLE OH,"LOWELLIVILLE, OH","<[OK] Google - Geocode [Lowellville, OH 44436, USA]>","[41.0353371, -80.53645929999999]"
563,NEW-YORK-DIED,NEW YORK,"<[OK] Google - Geocode [New York, NY, USA]>","[40.7127753, -74.0059728]"
564,LEADVILLE CO,"LEADVILLE, CO","<[OK] Google - Geocode [Leadville, CO 80461, USA]>","[39.2508229, -106.2925238]"
565,GREENLAND,GREENLAND,,
566,INDIA-TER,INDIA-TER,,
567,GLAVERTON-PA,"GLAVERTON, PA",,
568,OTTAURI CT,OTTAURI CT,,
569,KABSAS-CITY,"KANSAS CITY, MO","<[OK] Google - Geocode [Kansas City, MO, USA]>","[39.0997265, -94.5785667]"
570,FRANKLIN,FRANKLIN,,
571,JOUNSTON PA,"JOUNSTON, PA","<[OK] Google - Geocode [Johnstown, PA, USA]>","[40.32674069999999, -78.9219698]"
572,OAKLAND,OAKLAND,"<[OK] Google - Geocode [Oakland, CA, USA]>","[37.8043637, -122.2711137]"
573,WILSTON-MA,"WILSTON, MA",,
574,PITTSBIRG,PITTSBIRG,"<[OK] Google - Geocode [Pittsburgh, PA, USA]>","[40.44062479999999, -79.9958864]"
575,ELMIRA NY,"ELMIRA, NY","<[OK] Google - Geocode [Elmira, NY, USA]>","[42.0897965, -76.8077338]"
576,NEW YOKR,NEW YORK,"<[OK] Google - Geocode [New York, NY, USA]>","[40.7127753, -74.0059728]"
577,MOUNT MORRIS NY,"MOUNT MORRIS, NY","<[OK] Google - Geocode [Mt Morris, NY 14510, USA]>","[42.72561839999999, -77.8741694]"
578,SPRINGFIELD,SPRINGFIELD,,
579,BATTENEY-PA,"BATTENEY, PA",,
580,AVON NJ,"AVON, NJ","<[OK] Google - Geocode [Avon-By-The-Sea, NJ, USA]>","[40.1923357, -74.01597029999999]"
581,SARACUSE,SARACUSE,"<[OK] Google - Geocode [Syracuse, NY, USA]>","[43.0481221, -76.14742439999999]"
582,UTTICA NY,"UTTICA, NY","<[OK] Google - Geocode [Utica, NY, USA]>","[43.100903, -75.232664]"
583,S SAGINARO MISH,"S SAGINARO, MI",,
584,WESTERLY-R I,"WESTERLY, RI","<[OK] Google - Geocode [Westerly, RI, USA]>","[41.3775987, -71.82728709999999]"
585,WESTERLY-R.I.,"WESTERLY, RI","<[OK] Google - Geocode [Westerly, RI, USA]>","[41.3775987, -71.82728709999999]"
586,PERTAGA PA,"PERTAGA, PA",,
587,BUFFALO TN,"BUFFALO, TN","<[OK] Google - Geocode [Buffalo, TN 37078, USA]>","[35.8856194, -87.806692]"
588,MOUNTE--,MOUNTE--,,
589,JOHUSTON-PA,"JOHUSTON, PA","<[OK] Google - Geocode [Johnstown, PA, USA]>","[40.32674069999999, -78.9219698]"
590,MOUNT--,MOUNT--,,
591,BATAVIA NY,"BATAVIA, NY","<[OK] Google - Geocode [Batavia, NY 14020, USA]>","[42.9981156, -78.1875167]"
592,WILLIAMS OH,"WILLIAMS, OH","<[OK] Google - Geocode [Williams County, OH, USA]>","[41.55076020000001, -84.5222189]"
593,S.LUCIA,S.LUCIA,,
594,ALTOMONTE,ALTOMONTE,,
595,RELA---,RELA---,,
596,ROMA,ROMA,,
597,MAIFIT PA,"MAIFIT, PA",,
598,MEEKFORT,MEEKFORT,,
599,ELENOR-PA,"ELENOR, PA",,
600,JERSEY-CITY,JERSEY CITY,"<[OK] Google - Geocode [Jersey City, NJ, USA]>","[40.7177545, -74.0431435]"
601,MILIWAKEE WI,"MILIWAKEE, WI","<[OK] Google - Geocode [Milwaukee, WI, USA]>","[43.0389025, -87.9064736]"
602,NIAGRA FALLS,NIAGRA FALLS,"<[OK] Google - Geocode [Niagara Falls, NY 14303, United States]>","[43.0828162, -79.07416289999999]"
603,NEWARK-NJ,"NEWARK, NJ","<[OK] Google - Geocode [Newark, NJ, USA]>","[40.735657, -74.1723667]"
604,S.JOSE-CA,"SAN JOSE, CA","<[OK] Google - Geocode [San Jose, CA, USA]>","[37.3382082, -121.8863286]"
605,IRVINGTON,IRVINGTON,"<[OK] Google - Geocode [Irvington, NJ 07111, USA]>","[40.7263249, -74.22864349999999]"
606,NORD-STO,NORD-STO,,
607,WALLSTON,WALLSTON,,
608,CARBONDALE-PA,"CARBONDALE, PA","<[OK] Google - Geocode [Carbondale, PA 18407, USA]>","[41.5736935, -75.5018508]"
609,GENESCO NY,"GENESCO, NY","<[OK] Google - Geocode [Geneseo, NY 14454, USA]>","[42.795896, -77.816947]"
610,DELANEY-PA,"DELANEY, PA",,
611,NWE YORK,NEW YORK,"<[OK] Google - Geocode [New York, NY, USA]>","[40.7127753, -74.0059728]"
612,FREDONIA NY,"FREDONIA, NY","<[OK] Google - Geocode [Fredonia, NY 14063, USA]>","[42.4400576, -79.3317105]"
613,SANJOSE CA,"SAN JOSE, CA","<[OK] Google - Geocode [San Jose, CA, USA]>","[37.3382082, -121.8863286]"
614,MORRIS N,MORRIS N,,
615,ROME NY,"ROME, NY","<[OK] Google - Geocode [Rome, NY, USA]>","[43.2128473, -75.4557303]"
616,MC KESPORT,MC KESPORT,"<[OK] Google - Geocode [McKeesport, PA, USA]>","[40.3470671, -79.8641232]"
617,VILEGRES PA,"VILEGRES, PA",,
618,BANOS-CA,"BANOS, CA","<[OK] Google - Geocode [Los Banos, CA, USA]>","[37.0582786, -120.8499151]"
619,LOS ANGELES CA,"LOS ANGELES, CA","<[OK] Google - Geocode [Los Angeles, CA, USA]>","[34.0522342, -118.2436849]"
620,ELEONORA-PA,"ELEANORA, PA",,
621,SCRANTON-PA,"SCRANTON, PA","<[OK] Google - Geocode [Scranton, PA, USA]>","[41.408969, -75.66241219999999]"
622,ROME,ROME,,
623,JOHUNSTON-PA,"JOHUNSTON, PA","<[OK] Google - Geocode [Johnstown, PA, USA]>","[40.32674069999999, -78.9219698]"
624,JOHUSTOWN-PA,"JOHUSTOWN, PA","<[OK] Google - Geocode [Johnstown, PA, USA]>","[40.32674069999999, -78.9219698]"
625,PIZZE,PIZZE,,
626,MONROE-PA,"MONROE, PA","<[OK] Google - Geocode [Monroe, PA, USA]>","[41.7130314, -76.4740454]"
627,MANROE,MANROE,"<[OK] Google - Geocode [Monroe, PA, USA]>","[41.7130314, -76.4740454]"
628,MONROE,MONROE,"<[OK] Google - Geocode [Monroe, PA, USA]>","[41.7130314, -76.4740454]"
629,NEWORLEANS,"NEW ORLEANS, LA","<[OK] Google - Geocode [New Orleans, LA, USA]>","[29.95106579999999, -90.0715323]"
630,S.F. MESSICO,S.F. MESSICO,,
631,STANFORT-CT,"STANFORT, CT","<[OK] Google - Geocode [Stamford, CT, USA]>","[41.0534302, -73.5387341]"
632,SANDUSCY OH,"SANDUSKY, OH","<[OK] Google - Geocode [Sandusky, OH 44870, USA]>","[41.4561754, -82.71168209999999]"
633,ERIE PA,"ERIE, PA","<[OK] Google - Geocode [Erie, PA, USA]>","[42.12922409999999, -80.085059]"
634,,,,
635,RELARES PA,"RELARES, PA",,
636,S. SAINT MARIE,S. SAINT MARIE,"<[OK] Google - Geocode [Sault Ste. Marie, MI 49783, USA]>","[46.49771150000001, -84.3475876]"
637,BRIGHTON-MA,"BRIGHTON, MA","<[OK] Google - Geocode [Brighton, Boston, MA, USA]>","[42.3463503, -71.1626756]"
638,BRIGHTON,BRIGHTON,"<[OK] Google - Geocode [Brighton, Boston, MA, USA]>","[42.3463503, -71.1626756]"
639,"SPRINGFIELD,MA","SPRINGFIELD, MA","<[OK] Google - Geocode [Springfield, MA, USA]>","[42.1014831, -72.589811]"
640,NATCHEZ MISS.,"NATCHEZ, MS","<[OK] Google - Geocode [Natchez, MS 39120, USA]>","[31.5604442, -91.40317100000001]"
641,APPALACHIA VA,"APPALACHIA, VA","<[OK] Google - Geocode [Appalachia, VA 24216, USA]>","[36.9067631, -82.78182749999999]"
642,BIRMINGHAM AL,"BIRMINGHAM, AL","<[OK] Google - Geocode [Birmingham, AL, USA]>","[33.5185892, -86.8103567]"
643,TROY-NY,"TROY, NY","<[OK] Google - Geocode [Troy, NY, USA]>","[42.7284117, -73.69178509999999]"
644,PROVIDENCE NY,"PROVIDENCE, NY","<[OK] Google - Geocode [Providence, NY, USA]>","[43.1060531, -74.05351259999999]"
645,NORRISTOWN PA.,"NORRISTOWN, PA","<[OK] Google - Geocode [Norristown, PA, USA]>","[40.121497, -75.3399048]"
646,,,,
647,JERSEY CITY NJ,"JERSEY CITY, NJ","<[OK] Google - Geocode [Jersey City, NJ, USA]>","[40.7177545, -74.0431435]"
648,BETHLEHEM PA,"BETHLEHEM, PA","<[OK] Google - Geocode [Bethlehem, PA, USA]>","[40.6259316, -75.37045789999999]"
649,MAMARONECK NY,"MAMARONECK, NY","<[OK] Google - Geocode [Mamaroneck, NY, USA]>","[40.94870969999999, -73.7326309]"
650,TORONTO CANADA,"TORONTO, CANADA","<[OK] Google - Geocode [Toronto, ON, Canada]>","[43.653226, -79.3831843]"
651,HILLSVILL OH,"HILLSVILL, OH","<[OK] Google - Geocode [Hillsville, PA 16116, USA]>","[41.0078378, -80.4967353]"
652,ST.LOUIS MO,"ST. LOUIS, MO","<[OK] Google - Geocode [St. Louis, MO, USA]>","[38.6270025, -90.19940419999999]"
653,LOUISVILLE-KY,"LOUISVILLE, KY","<[OK] Google - Geocode [Louisville, KY, USA]>","[38.2526647, -85.7584557]"
654,ALEGRES-,ALEGRES-,,
655,CASALECCHIO,CASALECCHIO,,
656,PUEBLO-CO,"PUEBLO, CO","<[OK] Google - Geocode [Pueblo, CO, USA]>","[38.2544472, -104.6091409]"
657,ELISABET,ELISABET,,
658,BATAVIA,BATAVIA,,
659,NEW-MEXICO,NEW MEXICO,"<[OK] Google - Geocode [New Mexico, USA]>","[34.5199402, -105.8700901]"
660,HATTFORD-CT,"HATTFORD, CT","<[OK] Google - Geocode [Hartford, CT, USA]>","[41.7658043, -72.6733723]"
661,BIRMINGHAM,BIRMINGHAM,"<[OK] Google - Geocode [Birmingham, AL, USA]>","[33.5185892, -86.8103567]"
662,S.ANTONIO-TX,"SAN ANTONIO, TX","<[OK] Google - Geocode [San Antonio, TX, USA]>","[29.4241219, -98.49362819999999]"
663,SALIMANCA,SALIMANCA,,
664,HOUSTON TX,"HOUSTON, TX","<[OK] Google - Geocode [Houston, TX, USA]>","[29.7604267, -95.3698028]"
665,ELIZABETH-NY,"ELIZABETH, NY","<[OK] Google - Geocode [Elizabethtown, NY 12932, USA]>","[44.2163337, -73.59044779999999]"
666,OXFORD WY,"OXFORD, WY","<[OK] Google - Geocode [Oxford Dr, Cheyenne, WY 82001, USA]>","[41.1481684, -104.7990054]"
667,MILTON,MILTON,,
668,WESTER PA,"WESTER, PA","<[OK] Google - Geocode [West Chester, PA, USA]>","[39.9606643, -75.6054882]"
669,PUNXATAWNEY PA.,"PUNXATAWNEY, PA","<[OK] Google - Geocode [Punxsutawney, PA 15767, USA]>","[40.9436753, -78.9708668]"
670,LAURENCE,LAURENCE,,
671,BRADFORD PA,"BRADFORD, PA","<[OK] Google - Geocode [Bradford, PA 16701, USA]>","[41.9564953, -78.649163]"
672,GREIGSVILLE,GREIGSVILLE,"<[OK] Google - Geocode [Greigsville, NY 14533, USA]>","[42.83056, -77.89721999999999]"
673,KENNATECK-IN,"KENNATECK, IN",,
674,PITTSFIELD MA,"PITTSFIELD, MA","<[OK] Google - Geocode [Pittsfield, MA 01201, USA]>","[42.4500845, -73.2453824]"
675,SOUTHAMPTON,SOUTHAMPTON,,
676,S. JOSE CA,"SAN JOSE, CA","<[OK] Google - Geocode [San Jose, CA, USA]>","[37.3382082, -121.8863286]"
677,GALVESTON-TX,"GALVESTON, TX","<[OK] Google - Geocode [Galveston, TX, USA]>","[29.3013479, -94.7976958]"
678,SAN JOSE CA.,"SAN JOSE, CA","<[OK] Google - Geocode [San Jose, CA, USA]>","[37.3382082, -121.8863286]"
679,NEW-YOTK,NEW YORK,"<[OK] Google - Geocode [New York, NY, USA]>","[40.7127753, -74.0059728]"
680,BROOKLNN,"BROOKLYN, NY","<[OK] Google - Geocode [Brooklyn, NY, USA]>","[40.6781784, -73.9441579]"
681,LAURENCE-MA,"LAURENCE, MA","<[OK] Google - Geocode [Lawrence, MA, USA]>","[42.7070354, -71.1631137]"
682,LAWRENCE,LAWRENCE,"<[OK] Google - Geocode [Lawrence, MA, USA]>","[42.7070354, -71.1631137]"
683,WILLIAMSPORT,WILLIAMSPORT,"<[OK] Google - Geocode [Williamsport, PA, USA]>","[41.2411897, -77.00107860000001]"
684,ROCHESTER-MA,"ROCHESTER, MA","<[OK] Google - Geocode [Rochester, MA, USA]>","[41.7549658, -70.8452677]"
685,DALLAS-TX,"DALLAS, TX","<[OK] Google - Geocode [Dallas, TX, USA]>","[32.7766642, -96.79698789999999]"
686,PALMIERI-N,PALMIERI-N,,
687,JULIETTE FL,"JULIETTE, FL",,
688,COWANSVILLE,COWANSVILLE,"<[OK] Google - Geocode [Cowansville, QC, Canada]>","[45.2062926, -72.7471405]"
689,CLEARFIELD-PA,"CLEARFIELD, PA","<[OK] Google - Geocode [Clearfield, PA 16830, USA]>","[41.0272796, -78.4391876]"
690,LA SALLE IL,"LA SALLE, IL","<[OK] Google - Geocode [Lasalle, IL, USA]>","[41.3621503, -89.0418249]"
691,BETHLEM-PA,"BETHLEM, PA","<[OK] Google - Geocode [Bethlehem, PA, USA]>","[40.6259316, -75.37045789999999]"
692,DELANGES-PA,"DELANGES, PA",,
693,WESTFIELD,WESTFIELD,,
694,CAMDEM,CAMDEM,,
695,TAMPA  FL,"TAMPA, FL","<[OK] Google - Geocode [Tampa, FL, USA]>","[27.950575, -82.4571776]"
696,WAPP. FALLS NY,"WAPP. FALLS, NY","<[OK] Google - Geocode [Wappingers Falls, NY 12590, USA]>","[41.5964825, -73.91096999999999]"
697,BENIGIS,BENIGIS,,
698,STOCKTON KS,"STOCKTON, KS","<[OK] Google - Geocode [Stockton, KS 67669, USA]>","[39.4380656, -99.2650967]"
699,NEW HAVEN CONN.,"NEW HAVEN, CT","<[OK] Google - Geocode [New Haven, CT, USA]>","[41.308274, -72.9278835]"
700,DELAWARE,DELAWARE,"<[OK] Google - Geocode [Delaware, USA]>","[38.9108325, -75.52766989999999]"
701,JOUSTON-PA,"JOUSTON, PA","<[OK] Google - Geocode [Houston, PA, USA]>","[40.2464593, -80.2114472]"
702,ATTLANTIC CITY,"ATLANTIC CITY, NJ","<[OK] Google - Geocode [Atlantic City, NJ, USA]>","[39.3642834, -74.4229266]"
703,VIRGINIA,VIRGINIA,"<[OK] Google - Geocode [Virginia, USA]>","[37.4315734, -78.6568942]"
704,MONT VERNON,MONT VERNON,"<[OK] Google - Geocode [Mont Vernon, NH 03057, USA]>","[42.8945294, -71.6742393]"
705,BAIONNE,BAIONNE,"<[OK] Google - Geocode [Bayonne, NJ, USA]>","[40.6687141, -74.1143091]"
706,HISVILLE PA,"HISVILLE, PA","<[OK] Google - Geocode [Hillsville, PA 16116, USA]>","[41.0078378, -80.4967353]"
707,CHARLEROI PA,"CHARLEROI, PA","<[OK] Google - Geocode [Charleroi, PA 15022, USA]>","[40.1378499, -79.89810349999999]"
708,NATICK MA,"NATICK, MA","<[OK] Google - Geocode [Natick, MA, USA]>","[42.2775281, -71.3468091]"
709,NEW PORT RI,"NEWPORT, RI","<[OK] Google - Geocode [Newport, RI, USA]>","[41.4901024, -71.3128285]"
710,ORWEGO,ORWEGO,,
711,HARRISBURG PA.,"HARRISBURG, PA","<[OK] Google - Geocode [Harrisburg, PA, USA]>","[40.2731911, -76.8867008]"
712,MAMARONESH N,MAMARONESH N,"<[OK] Google - Geocode [Mamaroneck, NY, USA]>","[40.94870969999999, -73.7326309]"
713,S.FRANCESCO,"SAN FRANCESCO, CA","<[OK] Google - Geocode [San Francisco, CA, USA]>","[37.7749295, -122.4194155]"
714,SYRACUSE KS,"SYRACUSE, KS","<[OK] Google - Geocode [Syracuse, KS 67878, USA]>","[37.9805686, -101.7526718]"
715,NEW  YORK,NEW YORK,"<[OK] Google - Geocode [New York, NY, USA]>","[40.7127753, -74.0059728]"
716,AIZAO,AIZAO,,
717,SIRACUSE,SIRACUSE,,
718,WATERTOWN MA,"WATERTOWN, MA","<[OK] Google - Geocode [Watertown, MA, USA]>","[42.3709299, -71.1828321]"
719,SCRANTON,"SCRANTON, PA","<[OK] Google - Geocode [Scranton, PA, USA]>","[41.408969, -75.66241219999999]"
720,NUION VILLE,NUION VILLE,,
721,CLINTON IN,"CLINTON, IN","<[OK] Google - Geocode [Clinton, IN 47842, USA]>","[39.6569817, -87.3980741]"
722,BIG SOLDER PA,"BIG SOLDER, PA",,
723,BRISTOL,"BRISTOL, CT","<[OK] Google - Geocode [Bristol, CT 06010, USA]>","[41.67176480000001, -72.9492703]"
724,GLOCESTER,GLOCESTER,"<[OK] Google - Geocode [Glocester, RI, USA]>","[41.9043113, -71.69106599999999]"
725,CARNEY,CARNEY,"<[OK] Google - Geocode [Carney, OK 74832, USA]>","[35.8083932, -97.012807]"
726,ORANGE NY,"ORANGE, NY","<[OK] Google - Geocode [Orange, NY, USA]>","[42.3401767, -77.03341790000002]"
727,BETHLEHEM RI,"BETHLEHEM, RI",,
728,MA-- CT,MA-- CT,"<[OK] Google - Geocode [Connecticut, USA]>","[41.6032207, -73.087749]"
729,BRYAN-BRAZOS-TEXAS,BRYAN-BRAZOS-TEXAS,"<[OK] Google - Geocode [Bryan, TX, USA]>","[30.6743643, -96.3699632]"
730,"CORNELLSVILLE,NY","CORNELLSVILLE, NY","<[OK] Google - Geocode [Hornellsville, NY, USA]>","[42.3284854, -77.7108686]"
731,MONT-ADAM-MA,"MONT ADAM, MA",,
732,MILLWANKE,"MILLWAUKE, WI","<[OK] Google - Geocode [Milwaukee, WI, USA]>","[43.0389025, -87.9064736]"
733,LOUISVILLE KY,"LOUISVILLE, KY","<[OK] Google - Geocode [Louisville, KY, USA]>","[38.2526647, -85.7584557]"
734,BUTTE CITY MT,"BUTTE CITY, MT","<[OK] Google - Geocode [Butte, MT, USA]>","[46.0038232, -112.5347775]"
735,FLOWER TOWN,FLOWER TOWN,,
736,PORTLAND,PORTLAND,"<[OK] Google - Geocode [Portland, OR, USA]>","[45.5122308, -122.6587185]"
737,PORTCHESTER,PORTCHESTER,"<[OK] Google - Geocode [Port Chester, NY 10573, USA]>","[41.0017643, -73.66568339999999]"
738,WASHINGTON D.C.,"WASHINGTON, D.C.","<[OK] Google - Geocode [Washington, DC, USA]>","[38.9071923, -77.0368707]"
739,PENNSY;LVANI,PENNSYLVANIA,"<[OK] Google - Geocode [Pennsylvania, USA]>","[41.2033216, -77.1945247]"
740,PENNSYLVANNIA,PENNSYLVANIA,"<[OK] Google - Geocode [Pennsylvania, USA]>","[41.2033216, -77.1945247]"
741,GLAVESTON-PA,"GLAVESTON, PA",,
742,WESTERLY MA,"WESTERLY, MA",,
743,BRANT-NY,"BRANT, NY","<[OK] Google - Geocode [Brant, NY, USA]>","[42.5883549, -79.0176461]"
744,OXFORD,OXFORD,"<[OK] Google - Geocode [Oxford, KS 67119, USA]>","[37.2741908, -97.1689296]"
745,SAINT THOMAS CANADA,"SAINT THOMAS, CANADA","<[OK] Google - Geocode [St. Thomas, ON, Canada]>","[42.7777214, -81.18265269999999]"
746,PATERSON-NY,"PATERSON, NY","<[OK] Google - Geocode [Patterson, NY 12563, USA]>","[41.513264, -73.60482879999999]"
747,YOHUGSTON-PA,"YOHUGSTON, PA","<[OK] Google - Geocode [Youngstown, PA 15650, USA]>","[40.2797927, -79.36559129999999]"
748,BRADFORD PA.,"BRADFORD, PA","<[OK] Google - Geocode [Bradford, PA 16701, USA]>","[41.9564953, -78.649163]"
749,CARLEROI-PA,"CARLEROI, PA","<[OK] Google - Geocode [Charleroi, PA 15022, USA]>","[40.1378499, -79.89810349999999]"
750,BROTHEYER,BROTHEYER,,
751,WESTERLEY,WESTERLEY,,
752,BENSENVILLE,BENSENVILLE,"<[OK] Google - Geocode [Bensenville, IL, USA]>","[41.9550296, -87.94006569999999]"
753,HASTINGS COLORADO,"HASTINGS, COLORADO",,
754,PETERSBURG,PETERSBURG,"<[OK] Google - Geocode [Petersburg, VA, USA]>","[37.2279279, -77.40192669999999]"
755,NEW-YORK-CHICAGO,NEW-YORK-CHICAGO,,
756,"DETROIT, MI.","DETROIT, MI","<[OK] Google - Geocode [Detroit, MI, USA]>","[42.331427, -83.0457538]"
757,COSHONTON OHIO,"COSHONTON, OHIO","<[OK] Google - Geocode [Coshocton, OH 43812, USA]>","[40.2720151, -81.8595756]"
758,S.FRANCISCO C,"SAN FRANCISCO, CA","<[OK] Google - Geocode [San Francisco, CA, USA]>","[37.7749295, -122.4194155]"
759,S LOUIS MAS,S LOUIS MAS,,
760,INDIANAOPOLIS,"INDIANAPOLIS, IN","<[OK] Google - Geocode [Indianapolis, IN, USA]>","[39.768403, -86.158068]"
761,INDIANAPOLIS,"INDIANAPOLIS, IN","<[OK] Google - Geocode [Indianapolis, IN, USA]>","[39.768403, -86.158068]"
762,GERMANTOWN,GERMANTOWN,,
763,JOHUNSTON,JOHUNSTON,"<[OK] Google - Geocode [Johnston, IA, USA]>","[41.6709834, -93.7130493]"
764,PORT CHESTER NY,"PORT CHESTER, NY","<[OK] Google - Geocode [Port Chester, NY 10573, USA]>","[41.0017643, -73.66568339999999]"
765,HILLSVILLE-PA,"HILLSVILLE, PA","<[OK] Google - Geocode [Hillsville, PA 16116, USA]>","[41.0078378, -80.4967353]"
766,DALLAS TX.,"DALLAS, TX","<[OK] Google - Geocode [Dallas, TX, USA]>","[32.7766642, -96.79698789999999]"
767,M--ORT PA,M--ORT PA,"<[OK] Google - Geocode [Pennsylvania, USA]>","[41.2033216, -77.1945247]"
768,SPRING,SPRING,,
769,WATERFORD NY,"WATERFORD, NY","<[OK] Google - Geocode [Waterford, NY 12188, USA]>","[42.7925777, -73.6812293]"
770,NEW-ORELEANS,"NEW ORELEANS, LA","<[OK] Google - Geocode [New Orleans, LA, USA]>","[29.95106579999999, -90.0715323]"
771,EAST-LIBERTY,EAST-LIBERTY,"<[OK] Google - Geocode [East Liberty, Pittsburgh, PA, USA]>","[40.4643479, -79.926266]"
772,NORWALK CT,"NORWALK, CT","<[OK] Google - Geocode [Norwalk, CT, USA]>","[41.11774399999999, -73.4081575]"
773,PILLSTON,PILLSTON,,
774,RALSTON PA,"RALSTON, PA","<[OK] Google - Geocode [Ralston, PA, USA]>","[41.506106, -76.95392149999999]"
775,NEW ORLEANS-LA,"NEW ORLEANS, LA","<[OK] Google - Geocode [New Orleans, LA, USA]>","[29.95106579999999, -90.0715323]"
776,P CANADA,P CANADA,,
777,DENNISON-OH,"DENNISON, OH","<[OK] Google - Geocode [Dennison, OH 44621, USA]>","[40.3943489, -81.3230322]"
778,HAMMONTON NY,"HAMMONTON, NY","<[OK] Google - Geocode [977 12th St, Hammonton, NJ 08037, USA]>","[39.6108888, -74.8332274]"
779,CT,CT,"<[OK] Google - Geocode [Connecticut, USA]>","[41.6032207, -73.087749]"
780,MOSCOW,MOSCOW,,
781,CUMBERLAND,CUMBERLAND,,
782,JEFFERSON OH,"JEFFERSON, OH","<[OK] Google - Geocode [Jefferson, OH 44047, USA]>","[41.7386662, -80.7698066]"
783,NASTINGS-CO,"NASTINGS, CO","<[OK] Google - Geocode [Hastings Mesa, Colorado 81430, USA]>","[38.0583249, -107.968955]"
784,WILLIAMSPORT PA,"WILLIAMSPORT, PA","<[OK] Google - Geocode [Williamsport, PA, USA]>","[41.2411897, -77.00107860000001]"
785,BRODDOCH PA,"BRODDOCH, PA","<[OK] Google - Geocode [Braddock, PA 15104, USA]>","[40.4034024, -79.8683824]"
786,"S,FRANCISCO CA","SAN FRANCISCO, CA","<[OK] Google - Geocode [San Francisco, CA, USA]>","[37.7749295, -122.4194155]"
787,BANGOR,BANGOR,"<[OK] Google - Geocode [Bangor, ME 04401, USA]>","[44.8016128, -68.7712257]"
788,NEW OYRK,NEW YORK,"<[OK] Google - Geocode [New York, NY, USA]>","[40.7127753, -74.0059728]"
789,"ATLANTIC CITY, NJ","ATLANTIC CITY, NJ","<[OK] Google - Geocode [Atlantic City, NJ, USA]>","[39.3642834, -74.4229266]"
790,BOSTON-PA,"BOSTON, MA","<[OK] Google - Geocode [Boston, MA, USA]>","[42.3600825, -71.0588801]"
791,MONUT--,MONUT--,,
792,RALSTN,RALSTN,"<[OK] Google - Geocode [Ralston, NE 68127, USA]>","[41.2002566, -96.031987]"
793,BRUNSWICK,BRUNSWICK,,
794,NEW-JERS,NEW JERSEY,"<[OK] Google - Geocode [New Jersey, USA]>","[40.0583238, -74.4056612]"
795,WILLFORT,WILLFORT,,
796,HAMILTON,HAMILTON,,
797,OMAHA,"OMAHA, NE","<[OK] Google - Geocode [Omaha, NE, USA]>","[41.2565369, -95.9345034]"
798,S-FRANCISCO,"SAN FRANCISCO, CA","<[OK] Google - Geocode [San Francisco, CA, USA]>","[37.7749295, -122.4194155]"
799,BROOKLN-N,"BROOKLN, NY","<[OK] Google - Geocode [Brooklyn, NY, USA]>","[40.6781784, -73.9441579]"
800,GLOVERSVILLE,GLOVERSVILLE,"<[OK] Google - Geocode [Gloversville, NY, USA]>","[43.0528506, -74.3437467]"
801,ORANGE VALLEY NJ,"ORANGE VALLEY, NJ","<[OK] Google - Geocode [606 Freeman St, City of Orange, NJ 07050, USA]>","[40.76719, -74.24695849999999]"
802,SAN-JOSEPH,SAN-JOSEPH,,
803,KUISLAND OH,"KUISLAND, OH",,
804,GREENSBURGH-PA,"GREENSBURGH, PA","<[OK] Google - Geocode [Greensburg, PA 15601, USA]>","[40.3014581, -79.5389289]"
805,GRANSBURG-PA,"GRANSBURG, PA","<[OK] Google - Geocode [Greensburg, PA 15601, USA]>","[40.3014581, -79.5389289]"
806,ELEANOR PA,"ELEANOR, PA","<[OK] Google - Geocode [185 Walton Dr, Morrisville, PA 19067, USA]>","[40.2006537, -74.8265371]"
807,MILWAUKEE-WI,"MILWAUKEE, WI","<[OK] Google - Geocode [Milwaukee, WI, USA]>","[43.0389025, -87.9064736]"
808,ROCHESTER PA,"ROCHESTER, PA","<[OK] Google - Geocode [Rochester, PA, USA]>","[40.7022882, -80.28645089999999]"
809,BRISTOL PA,"BRISTOL, PA","<[OK] Google - Geocode [Bristol, PA 19007, USA]>","[40.1006661, -74.8518311]"
810,GEFFERSON,GEFFERSON,,
811,MIDDLETON-CT,"MIDDLETON, CT","<[OK] Google - Geocode [Middletown, CT, USA]>","[41.5623209, -72.6506488]"
812,FRANKLIN IL,"FRANKLIN, IL","<[OK] Google - Geocode [Franklin, IL 62638, USA]>","[39.6203259, -90.04400009999999]"
813,MOSCON,MOSCON,,
814,CRESHAW PA,"CRESHAW, PA","<[OK] Google - Geocode [Crenshaw, PA 15824, USA]>","[41.248211, -78.758499]"
815,PITTSBURGH PA,"PITTSBURGH, PA","<[OK] Google - Geocode [Pittsburgh, PA, USA]>","[40.44062479999999, -79.9958864]"
816,RENO NEVADA,"RENO, NEVADA","<[OK] Google - Geocode [Reno, NV, USA]>","[39.5296329, -119.8138027]"
817,BRADDOCK PA,"BRADDOCK, PA","<[OK] Google - Geocode [Braddock, PA 15104, USA]>","[40.4034024, -79.8683824]"
818,RI,RI,"<[OK] Google - Geocode [Rhode Island, USA]>","[41.5800945, -71.4774291]"
819,TORONTO CAN,"TORONTO, CAN","<[OK] Google - Geocode [Toronto, ON, Canada]>","[43.653226, -79.3831843]"
820,NIAGARA,NIAGARA,"<[OK] Google - Geocode [Niagara Falls, NY 14303, United States]>","[43.0828162, -79.07416289999999]"
821,AMOS-VILLE,AMOS-VILLE,,
822,BALTIMORE M,"BALTIMORE, MD","<[OK] Google - Geocode [Baltimore, MD, USA]>","[39.2903848, -76.6121893]"
823,DELONGER-PA,"DELONGER, PA",,
824,WELLSVILLE IL,"WELLSVILLE, IL",,
825,MONTREAL CANADA,"MONTREAL, CANADA","<[OK] Google - Geocode [Montreal, QC, Canada]>","[45.5016889, -73.567256]"
826,DELANGEN,DELANGEN,,
827,HOUSTON-FL,"HOUSTON, FL","<[OK] Google - Geocode [Houston, FL 32060, USA]>","[30.25689259999999, -82.9026289]"
828,BRAIDWOOD IL,"BRAIDWOOD, IL","<[OK] Google - Geocode [Braidwood, IL, USA]>","[41.2650318, -88.21228230000001]"
829,WESTERL--,WESTERL--,,
830,LANDING PA,"LANDING, PA","<[OK] Google - Geocode [Rices Landing, PA, USA]>","[39.9453527, -79.9956095]"
831,GINSTOWN,GINSTOWN,,
832,S.PETERSBURG,S.PETERSBURG,,
833,IOTENSTON PA,"IOTENSTON, PA",,
834,HAMILTON ONT,"HAMILTON, ONT","<[OK] Google - Geocode [Hamilton, ON, Canada]>","[43.2557206, -79.8711024]"
835,NORRISTON-MA,"NORRISTON, MA",,
836,ELISABETH PORT VA,"ELISABETH PORT, VA",,
837,KINGSTON NY,"KINGSTON, NY","<[OK] Google - Geocode [Kingston, NY 12401, USA]>","[41.9270367, -73.9973608]"
838,WELLAND,WELLAND,"<[OK] Google - Geocode [Welland, ON, Canada]>","[42.9921579, -79.2482555]"
839,WICKSBURG MS,"WICKSBURG, MS","<[OK] Google - Geocode [Vicksburg, MS, USA]>","[32.3526456, -90.877882]"
840,WORCESTER,WORCESTER,"<[OK] Google - Geocode [Worcester, MA, USA]>","[42.2625932, -71.8022934]"
841,WHITNEY PA,"WHITNEY, PA","<[OK] Google - Geocode [Whitney, PA 15650, USA]>","[40.2544426, -79.4100838]"
842,HAZELTON-CT,"HAZELTON, CT",,
843,WASHINGTON DC,"WASHINGTON, DC","<[OK] Google - Geocode [Washington, DC, USA]>","[38.9071923, -77.0368707]"
844,USA-DIED,USA,<[OK] Google - Geocode [United States]>,"[37.09024, -95.712891]"
845,N.ORLEANS-DIED,"NEW ORLEANS, LA","<[OK] Google - Geocode [New Orleans, LA, USA]>","[29.95106579999999, -90.0715323]"
846,HORATIO-PA,"HORATIO, PA","<[OK] Google - Geocode [Horatio, Young Township, PA 15767, USA]>","[40.9292311, -79.01558969999999]"
847,ONEIDA NY,"ONEIDA, NY","<[OK] Google - Geocode [Oneida, NY, USA]>","[43.0925684, -75.65129309999999]"
848,MCKEESPORT PA,"MCKEESPORT, PA","<[OK] Google - Geocode [McKeesport, PA, USA]>","[40.3470671, -79.8641232]"
849,HOMESTEAD,HOMESTEAD,,
850,BROCKWAY PA,"BROCKWAY, PA","<[OK] Google - Geocode [Brockway, PA 15824, USA]>","[41.2492279, -78.7994738]"
851,CLINTON MAS,"CLINTON, MA","<[OK] Google - Geocode [Clinton, MA, USA]>","[42.41676349999999, -71.68290809999999]"
852,BUFFALO  NY,"BUFFALO, NY","<[OK] Google - Geocode [Buffalo, NY, USA]>","[42.88644679999999, -78.8783689]"
853,LOWELLVILLE OH,"LOWELLVILLE, OH","<[OK] Google - Geocode [Lowellville, OH 44436, USA]>","[41.0353371, -80.53645929999999]"
854,READING PA,"READING, PA","<[OK] Google - Geocode [Reading, PA, USA]>","[40.3356483, -75.9268747]"
855,REC -POR,REC -POR,,
856,MONTEMAGGIORE,MONTEMAGGIORE,,
857,LANGSTON PA,"LANGSTON, PA",,
858,NEWE YORK,NEW YORK,"<[OK] Google - Geocode [New York, NY, USA]>","[40.7127753, -74.0059728]"
859,FLOWERTOWN,FLOWERTOWN,,
860,ROCKSPRINGS TX,"ROCKSPRINGS, TX","<[OK] Google - Geocode [Rocksprings, TX 78880, USA]>","[30.0157647, -100.2053582]"
861,VICKSBERG-MN,"VICKSBERG, MN",,
862,USA DIED,USA,<[OK] Google - Geocode [United States]>,"[37.09024, -95.712891]"
863,MC KREES,MC KREES,,
864,APARACHICO CL,APARACHICO CL,,
865,CAMPO DI FANO,CAMPO DI FANO,,
866,SAN JOSE-CA,"SAN JOSE, CA","<[OK] Google - Geocode [San Jose, CA, USA]>","[37.3382082, -121.8863286]"
867,SAN JOSE -CA,"SAN JOSE, CA","<[OK] Google - Geocode [San Jose, CA, USA]>","[37.3382082, -121.8863286]"
868,REGGIO-DI-CALABRIA,REGGIO-DI-CALABRIA,,
869,TRINITA-CO,"TRINITA, CO",,
870,S.DOMINGO,S.DOMINGO,,
871,BOSTON MASS,"BOSTON, MA","<[OK] Google - Geocode [Boston, MA, USA]>","[42.3600825, -71.0588801]"
872,ERIE OH,"ERIE, OH","<[OK] Google - Geocode [Erie County, OH, USA]>","[41.4349882, -82.4752757]"
873,LOOMSTON PA,"LOOMSTON, PA",,
874,BELLETORRE LA,"BELLETORRE, LA","<[OK] Google - Geocode [Los Angeles, CA, USA]>","[34.0522342, -118.2436849]"
875,NORTAN,NORTAN,,
876,MEMPHIS TN,"MEMPHIS, TN","<[OK] Google - Geocode [Memphis, TN, USA]>","[35.1495343, -90.0489801]"
877,WHITE-CASTLE,WHITE-CASTLE,,
878,LEROY NY,"LEROY, NY","<[OK] Google - Geocode [Le Roy, NY 14482, USA]>","[42.9783944, -77.9841776]"
879,MEEKSFORT,MEEKSFORT,,
880,"MORRIS,","MORRIS,",,
881,DIED-TRANSIT HOSPITA,DIED-TRANSIT HOSPITA,,
882,CANEGIE PA,"CANEGIE, PA","<[OK] Google - Geocode [Carnegie, PA 15106, USA]>","[40.4086802, -80.0833885]"
883,AUSONIA-CT,"AUSONIA, CT","<[OK] Google - Geocode [Ansonia, CT, USA]>","[41.34620779999999, -73.07899689999999]"
884,MILFARE-MI,"MILFARE,MI",,
885,SO BATHLIHAN PA,"SO BATHLIHAN, PA",,
886,SPRINGFIELD-IL,"SPRINGFIELD, IL","<[OK] Google - Geocode [Springfield, IL, USA]>","[39.78172130000001, -89.6501481]"
887,HAMSTERDAM,HAMSTERDAM,,
888,WATERLO NY,"WATERLO, NY","<[OK] Google - Geocode [Waterloo, NY 13165, USA]>","[42.9047884, -76.8627367]"
889,GLASGOW,GLASGOW,,
890,WALSTON-PA,"WALSTON, PA","<[OK] Google - Geocode [Walston, PA 15781, USA]>","[40.9650644, -78.9947562]"
891,BRISTOL RI,"BRISTOL, RI","<[OK] Google - Geocode [Bristol, RI 02809, USA]>","[41.6771101, -71.26620249999999]"
892,DELONGER,DELONGER,,
893,LAS VEGAS CA,"LAS VEGAS, CA","<[OK] Google - Geocode [Las Vegas, NV, USA]>","[36.1699412, -115.1398296]"
894,MORRISTO,MORRISTO,"<[OK] Google - Geocode [Morristown, NJ 07960, USA]>","[40.79676670000001, -74.4815438]"
895,CANDESPORT PA,"CANDESPORT, PA",,
896,MC KEESPORT PA,"MC KEESPORT, PA","<[OK] Google - Geocode [McKeesport, PA, USA]>","[40.3470671, -79.8641232]"
897,BELLIGE PA,"BELLIGE, PA",,
898,WESTERLEY-PA,"WESTERLEY, PA",,
899,PLYMOUTH CENTRE - MA,"PLYMOUTH CENTRE, MA",,
900,ALDFORGE,ALDFORGE,,
901,FAYATE CITY PA,"FAYATE CITY, PA","<[OK] Google - Geocode [Fayette City, PA, USA]>","[40.1003509, -79.84060099999999]"
902,VINELAND-NJ,"VINELAND, NJ","<[OK] Google - Geocode [Vineland, NJ, USA]>","[39.4863773, -75.02596369999999]"
903,BROOKLYN-NJ,"BROOKLYN, NJ","<[OK] Google - Geocode [New Brooklyn, Monroe Township, NJ 08094, USA]>","[39.69317119999999, -74.9426662]"
904,BROOOKLYN,"BROOKLYN, NY","<[OK] Google - Geocode [Brooklyn, NY, USA]>","[40.6781784, -73.9441579]"
905,B--,B--,,
906,HOMESTEA,HOMESTEA,,
907,HOMOSTEA,HOMOSTEA,,
908,CLEVELAND OK,"CLEVELAND, OK","<[OK] Google - Geocode [Cleveland, OK 74020, USA]>","[36.3100688, -96.4641886]"
909,S ANTONIO,"SAN ANTONIO, TX","<[OK] Google - Geocode [San Antonio, TX, USA]>","[29.4241219, -98.49362819999999]"
910,MIDDEKEAN,MIDDEKEAN,,
911,AMATRA,AMATRA,,
912,PORT-CHESTER,PORT-CHESTER,"<[OK] Google - Geocode [Port Chester, NY 10573, USA]>","[41.0017643, -73.66568339999999]"
913,MILFORD PA,"MILFORD, PA","<[OK] Google - Geocode [Milford, PA 18337, USA]>","[41.322316, -74.8023882]"
914,BRADFORD-CT,"BRADFORD, CT","<[OK] Google - Geocode [Branford, CT, USA]>","[41.2799027, -72.81411849999999]"
915,SUSPENSION BRIDGE NY,"SUSPENSION BRIDGE, NY",,
916,MOUNT-,MOUNT-,,
917,MIDLETON CT,"MIDLETON, CT","<[OK] Google - Geocode [Middletown, CT, USA]>","[41.5623209, -72.6506488]"
918,ST.LOUIS-MA,"ST.LOUIS, MA",,
919,NEW  ORLEANS LA,"NEW  ORLEANS, LA","<[OK] Google - Geocode [New Orleans, LA, USA]>","[29.95106579999999, -90.0715323]"
920,WATERBURG CT,"WATERBURG, CT","<[OK] Google - Geocode [Waterbury, CT, USA]>","[41.5581525, -73.0514965]"
921,SCIACCA,SCIACCA,,
922,PROVIDENCE MA,"PROVIDENCE, MA","<[OK] Google - Geocode [Providence, RI, USA]>","[41.8239891, -71.4128343]"
923,MT MORRIS,MT MORRIS,"<[OK] Google - Geocode [Mt Morris, MI 48458, USA]>","[43.1186374, -83.6949583]"
924,PENSACOLA-FL,"PENSACOLA, FL","<[OK] Google - Geocode [Pensacola, FL, USA]>","[30.42130899999999, -87.2169149]"
925,SMITHON PA,"SMITHON, PA","<[OK] Google - Geocode [Smithton, PA, USA]>","[40.1539613, -79.7411535]"
926,NAPOLEONVILL,NAPOLEONVILL,"<[OK] Google - Geocode [Napoleonville, LA 70390, USA]>","[29.9382674, -91.0274993]"
927,JOHNNSTOWN PA,"JOHNNSTOWN, PA","<[OK] Google - Geocode [Johnstown, PA, USA]>","[40.32674069999999, -78.9219698]"
928,BROOKLYNG,"BROOKLYN, NY","<[OK] Google - Geocode [Brooklyn, NY, USA]>","[40.6781784, -73.9441579]"
929,NEW ARK,NEW ARK,"<[OK] Google - Geocode [Newark, NJ, USA]>","[40.735657, -74.1723667]"
930,MADISON NJ,"MADISON, NJ","<[OK] Google - Geocode [Madison, NJ 07940, USA]>","[40.7598227, -74.417097]"
931,OKLAHOMA CITY OK.,"OKLAHOMA CITY, OK","<[OK] Google - Geocode [Oklahoma City, OK, USA]>","[35.4675602, -97.5164276]"
932,ST.JOHN,ST.JOHN,,
933,CLEVELAND OH.,"CLEVELAND, OH","<[OK] Google - Geocode [Cleveland, OH, USA]>","[41.49932, -81.6943605]"
934,MERIDEN-CT,"MERIDEN, CT","<[OK] Google - Geocode [Meriden, CT, USA]>","[41.5381535, -72.80704349999999]"
935,ST.PAUL-MN,"ST.PAUL, MN","<[OK] Google - Geocode [St Paul, MN, USA]>","[44.9537029, -93.0899578]"
